Task,Start,Finish,Duration,Date,ideal_schedule
Deep Work,2018-11-20 08:00:00,2018-11-20 09:05:00,0 days 01:05:00.000000000,2018-11-20 00:00:00,True
Deep Work,2018-11-20 09:23:00,2018-11-20 10:28:00,0 days 01:05:00.000000000,2018-11-20 00:00:00,True
Deep Work,2018-11-20 10:46:00,2018-11-20 11:51:00,0 days 01:05:00.000000000,2018-11-20 00:00:00,True
Deep Work,2018-11-20 12:09:00,2018-11-20 13:14:00,0 days 01:05:00.000000000,2018-11-20 00:00:00,True
Deep Work,2018-11-20 13:32:00,2018-11-20 14:37:00,0 days 01:05:00.000000000,2018-11-20 00:00:00,True
Deep Work,2018-11-20 14:55:00,2018-11-20 16:00:00,0 days 01:05:00.000000000,2018-11-20 00:00:00,True
Gym,2018-11-20 16:00:00,2018-11-20 18:00:00,0 days 02:00:00.000000000,2018-11-20 00:00:00,True
Learning,2018-11-20 19:00:00,2018-11-20 19:30:00,0 days 00:30:00.000000000,2018-11-20 00:00:00,True
Shallow Work,2018-11-20 19:45:00,2018-11-20 20:45:00,0 days 01:00:00.000000000,2018-11-20 00:00:00,True
Learning,2018-11-20 21:00:00,2018-11-20 23:00:00,0 days 02:00:00.000000000,2018-11-20 00:00:00,True
Deep Work,2018-12-03 09:01:00,2018-12-03 09:35:00,0 days 00:34:00.000000000,2018-12-03 00:00:00,False
Deep Work,2018-12-03 10:18:00,2018-12-03 10:32:00,0 days 00:14:00.000000000,2018-12-03 00:00:00,False
Deep Work,2018-12-03 10:33:00,2018-12-03 11:03:00,0 days 00:30:00.000000000,2018-12-03 00:00:00,False
Deep Work,2018-12-03 11:09:00,2018-12-03 11:59:00,0 days 00:50:00.000000000,2018-12-03 00:00:00,False
Deep Work,2018-12-03 13:31:00,2018-12-03 13:49:00,0 days 00:18:00.000000000,2018-12-03 00:00:00,False
Deep Work,2018-12-03 14:43:00,2018-12-03 15:22:00,0 days 00:39:00.000000000,2018-12-03 00:00:00,False
Shallow Work,2018-12-03 15:49:00,2018-12-03 16:39:00,0 days 00:50:00.000000000,2018-12-03 00:00:00,False
Learning,2018-12-03 16:53:00,2018-12-03 17:32:00,0 days 00:39:00.000000000,2018-12-03 00:00:00,False
Learning,2018-12-03 19:17:00,2018-12-03 19:59:00,0 days 00:42:00.000000000,2018-12-03 00:00:00,False
Deep Work,2018-12-03 21:45:00,2018-12-03 21:55:00,0 days 00:10:00.000000000,2018-12-03 00:00:00,False
Deep Work,2018-12-03 22:11:00,2018-12-03 22:51:00,0 days 00:40:00.000000000,2018-12-03 00:00:00,False
Deep Work,2018-12-04 08:56:00,2018-12-04 10:15:00,0 days 01:19:00.000000000,2018-12-04 00:00:00,False
Deep Work,2018-12-04 10:53:00,2018-12-04 12:20:00,0 days 01:27:00.000000000,2018-12-04 00:00:00,False
Deep Work,2018-12-04 14:18:00,2018-12-04 16:03:00,0 days 01:45:00.000000000,2018-12-04 00:00:00,False
Gym,2018-12-04 16:13:00,2018-12-04 17:49:00,0 days 01:36:00.000000000,2018-12-04 00:00:00,False
Learning,2018-12-04 19:36:00,2018-12-04 20:23:00,0 days 00:47:00.000000000,2018-12-04 00:00:00,False
Shallow Work,2018-12-04 21:24:00,2018-12-04 21:43:00,0 days 00:19:00.000000000,2018-12-04 00:00:00,False
Deep Work,2018-12-04 21:55:00,2018-12-04 22:32:00,0 days 00:37:00.000000000,2018-12-04 00:00:00,False
Shallow Work,2018-12-04 22:32:00,2018-12-04 22:51:00,0 days 00:19:00.000000000,2018-12-04 00:00:00,False
Deep Work,2018-12-05 09:14:00,2018-12-05 09:27:00,0 days 00:13:00.000000000,2018-12-05 00:00:00,False
Deep Work,2018-12-05 09:33:00,2018-12-05 10:28:00,0 days 00:55:00.000000000,2018-12-05 00:00:00,False
Deep Work,2018-12-05 10:58:00,2018-12-05 12:12:00,0 days 01:14:00.000000000,2018-12-05 00:00:00,False
Deep Work,2018-12-05 14:50:00,2018-12-05 15:34:00,0 days 00:44:00.000000000,2018-12-05 00:00:00,False
Deep Work,2018-12-05 15:42:00,2018-12-05 15:55:00,0 days 00:13:00.000000000,2018-12-05 00:00:00,False
Gym,2018-12-05 16:04:00,2018-12-05 17:42:00,0 days 01:38:00.000000000,2018-12-05 00:00:00,False
Learning,2018-12-05 19:32:00,2018-12-05 20:26:00,0 days 00:54:00.000000000,2018-12-05 00:00:00,False
Shallow Work,2018-12-05 21:31:00,2018-12-05 22:05:00,0 days 00:34:00.000000000,2018-12-05 00:00:00,False
Deep Work,2018-12-05 22:17:00,2018-12-05 23:04:00,0 days 00:47:00.000000000,2018-12-05 00:00:00,False
Deep Work,2018-12-06 09:25:00,2018-12-06 10:25:00,0 days 01:00:00.000000000,2018-12-06 00:00:00,False
Deep Work,2018-12-06 10:54:00,2018-12-06 11:58:00,0 days 01:04:00.000000000,2018-12-06 00:00:00,False
Deep Work,2018-12-06 14:42:00,2018-12-06 15:50:00,0 days 01:08:00.000000000,2018-12-06 00:00:00,False
Gym,2018-12-06 16:17:00,2018-12-06 17:59:00,0 days 01:42:00.000000000,2018-12-06 00:00:00,False
Learning,2018-12-06 19:44:00,2018-12-06 20:35:00,0 days 00:51:00.000000000,2018-12-06 00:00:00,False
Learning,2018-12-06 21:31:00,2018-12-06 22:11:00,0 days 00:40:00.000000000,2018-12-06 00:00:00,False
Deep Work,2018-12-06 22:22:00,2018-12-06 22:41:00,0 days 00:19:00.000000000,2018-12-06 00:00:00,False
Deep Work,2018-12-07 09:14:00,2018-12-07 09:50:00,0 days 00:36:00.000000000,2018-12-07 00:00:00,False
Deep Work,2018-12-07 10:02:00,2018-12-07 10:18:00,0 days 00:16:00.000000000,2018-12-07 00:00:00,False
Deep Work,2018-12-07 10:50:00,2018-12-07 12:36:00,0 days 01:46:00.000000000,2018-12-07 00:00:00,False
Deep Work,2018-12-07 15:00:00,2018-12-07 15:54:00,0 days 00:54:00.000000000,2018-12-07 00:00:00,False
Gym,2018-12-07 16:06:00,2018-12-07 17:55:00,0 days 01:49:00.000000000,2018-12-07 00:00:00,False
Learning,2018-12-07 18:58:00,2018-12-07 19:48:00,0 days 00:50:00.000000000,2018-12-07 00:00:00,False
Deep Work,2018-12-07 20:42:00,2018-12-07 21:52:00,0 days 01:10:00.000000000,2018-12-07 00:00:00,False
Deep Work,2018-12-07 21:57:00,2018-12-07 22:59:00,0 days 01:02:00.000000000,2018-12-07 00:00:00,False
Learning,2018-12-08 08:51:00,2018-12-08 09:32:00,0 days 00:41:00.000000000,2018-12-08 00:00:00,False
Shallow Work,2018-12-08 10:56:00,2018-12-08 11:11:00,0 days 00:15:00.000000000,2018-12-08 00:00:00,False
Deep Work,2018-12-08 11:24:00,2018-12-08 11:53:00,0 days 00:29:00.000000000,2018-12-08 00:00:00,False
Deep Work,2018-12-08 11:57:00,2018-12-08 12:19:00,0 days 00:22:00.000000000,2018-12-08 00:00:00,False
Deep Work,2018-12-08 14:35:00,2018-12-08 15:29:00,0 days 00:54:00.000000000,2018-12-08 00:00:00,False
Gym,2018-12-08 15:56:00,2018-12-08 17:39:00,0 days 01:43:00.000000000,2018-12-08 00:00:00,False
Learning,2018-12-08 18:39:00,2018-12-08 19:24:00,0 days 00:45:00.000000000,2018-12-08 00:00:00,False
Deep Work,2018-12-09 08:53:00,2018-12-09 09:29:00,0 days 00:36:00.000000000,2018-12-09 00:00:00,False
Learning,2018-12-09 09:52:00,2018-12-09 10:29:00,0 days 00:37:00.000000000,2018-12-09 00:00:00,False
Shallow Work,2018-12-10 10:15:00,2018-12-10 12:06:00,0 days 01:50:00.000000000,2018-12-10 00:00:00,False
Deep Work,2018-12-10 14:33:00,2018-12-10 15:15:00,0 days 00:42:00.000000000,2018-12-10 00:00:00,False
Deep Work,2018-12-10 15:22:00,2018-12-10 16:02:00,0 days 00:40:00.000000000,2018-12-10 00:00:00,False
Gym,2018-12-10 16:15:00,2018-12-10 17:49:00,0 days 01:34:00.000000000,2018-12-10 00:00:00,False
Learning,2018-12-10 19:21:00,2018-12-10 20:12:00,0 days 00:51:00.000000000,2018-12-10 00:00:00,False
Shallow Work,2018-12-10 20:58:00,2018-12-10 21:09:00,0 days 00:11:00.000000000,2018-12-10 00:00:00,False
Deep Work,2018-12-10 21:22:00,2018-12-10 22:49:00,0 days 01:27:00.000000000,2018-12-10 00:00:00,False
Deep Work,2018-12-11 09:29:00,2018-12-11 09:56:00,0 days 00:27:00.000000000,2018-12-11 00:00:00,False
Deep Work,2018-12-11 10:01:00,2018-12-11 10:32:00,0 days 00:31:00.000000000,2018-12-11 00:00:00,False
Deep Work,2018-12-11 10:36:00,2018-12-11 10:51:00,0 days 00:15:00.000000000,2018-12-11 00:00:00,False
Deep Work,2018-12-11 11:12:00,2018-12-11 12:35:00,0 days 01:23:00.000000000,2018-12-11 00:00:00,False
Deep Work,2018-12-11 14:19:00,2018-12-11 14:41:00,0 days 00:22:00.000000000,2018-12-11 00:00:00,False
Deep Work,2018-12-11 15:20:00,2018-12-11 16:02:00,0 days 00:42:00.000000000,2018-12-11 00:00:00,False
Gym,2018-12-11 16:12:00,2018-12-11 17:59:00,0 days 01:47:00.000000000,2018-12-11 00:00:00,False
Learning,2018-12-11 19:16:00,2018-12-11 20:03:00,0 days 00:47:00.000000000,2018-12-11 00:00:00,False
Shallow Work,2018-12-11 20:52:00,2018-12-11 21:35:00,0 days 00:43:00.000000000,2018-12-11 00:00:00,False
Deep Work,2018-12-11 22:03:00,2018-12-11 22:24:00,0 days 00:21:00.000000000,2018-12-11 00:00:00,False
Deep Work,2018-12-12 09:28:00,2018-12-12 10:14:00,0 days 00:46:00.000000000,2018-12-12 00:00:00,False
Deep Work,2018-12-12 10:44:00,2018-12-12 11:18:00,0 days 00:34:00.000000000,2018-12-12 00:00:00,False
Deep Work,2018-12-12 11:21:00,2018-12-12 12:40:00,0 days 01:19:00.000000000,2018-12-12 00:00:00,False
Deep Work,2018-12-12 14:42:00,2018-12-12 16:07:00,0 days 01:25:00.000000000,2018-12-12 00:00:00,False
Gym,2018-12-12 16:16:00,2018-12-12 17:52:00,0 days 01:36:00.000000000,2018-12-12 00:00:00,False
Learning,2018-12-12 19:10:00,2018-12-12 19:41:00,0 days 00:31:00.000000000,2018-12-12 00:00:00,False
Learning,2018-12-12 20:09:00,2018-12-12 20:55:00,0 days 00:46:00.000000000,2018-12-12 00:00:00,False
Learning,2018-12-12 21:04:00,2018-12-12 22:00:00,0 days 00:56:00.000000000,2018-12-12 00:00:00,False
Deep Work,2018-12-13 09:09:00,2018-12-13 10:00:00,0 days 00:51:00.000000000,2018-12-13 00:00:00,False
Shallow Work,2018-12-13 10:00:00,2018-12-13 10:27:00,0 days 00:27:00.000000000,2018-12-13 00:00:00,False
Deep Work,2018-12-13 11:10:00,2018-12-13 12:10:00,0 days 01:00:00.000000000,2018-12-13 00:00:00,False
Deep Work,2018-12-13 14:12:00,2018-12-13 14:35:00,0 days 00:23:00.000000000,2018-12-13 00:00:00,False
Deep Work,2018-12-13 14:40:00,2018-12-13 15:26:00,0 days 00:46:00.000000000,2018-12-13 00:00:00,False
Gym,2018-12-13 16:09:00,2018-12-13 17:57:00,0 days 01:48:00.000000000,2018-12-13 00:00:00,False
Learning,2018-12-13 19:19:00,2018-12-13 20:13:00,0 days 00:54:00.000000000,2018-12-13 00:00:00,False
Shallow Work,2018-12-13 21:15:00,2018-12-13 21:33:00,0 days 00:18:00.000000000,2018-12-13 00:00:00,False
Deep Work,2018-12-13 21:37:00,2018-12-13 22:29:00,0 days 00:52:00.000000000,2018-12-13 00:00:00,False
Learning,2018-12-13 22:33:00,2018-12-13 23:29:00,0 days 00:56:00.000000000,2018-12-13 00:00:00,False
Deep Work,2018-12-14 09:14:00,2018-12-14 10:23:00,0 days 01:09:00.000000000,2018-12-14 00:00:00,False
Deep Work,2018-12-14 10:29:00,2018-12-14 10:48:00,0 days 00:19:00.000000000,2018-12-14 00:00:00,False
Deep Work,2018-12-14 11:07:00,2018-12-14 12:53:00,0 days 01:46:00.000000000,2018-12-14 00:00:00,False
Deep Work,2018-12-14 14:50:00,2018-12-14 14:59:00,0 days 00:09:00.000000000,2018-12-14 00:00:00,False
Deep Work,2018-12-14 15:07:00,2018-12-14 16:16:00,0 days 01:09:00.000000000,2018-12-14 00:00:00,False
Deep Work,2018-12-14 16:35:00,2018-12-14 17:25:00,0 days 00:50:00.000000000,2018-12-14 00:00:00,False
Deep Work,2018-12-14 17:35:00,2018-12-14 17:50:00,0 days 00:15:00.000000000,2018-12-14 00:00:00,False
Learning,2018-12-14 18:48:00,2018-12-14 19:44:00,0 days 00:56:00.000000000,2018-12-14 00:00:00,False
Learning,2018-12-15 09:05:00,2018-12-15 09:58:00,0 days 00:53:00.000000000,2018-12-15 00:00:00,False
Deep Work,2018-12-15 10:09:00,2018-12-15 11:38:00,0 days 01:29:00.000000000,2018-12-15 00:00:00,False
Deep Work,2018-12-15 13:21:00,2018-12-15 13:43:00,0 days 00:22:00.000000000,2018-12-15 00:00:00,False
Deep Work,2018-12-15 13:48:00,2018-12-15 14:42:00,0 days 00:54:00.000000000,2018-12-15 00:00:00,False
Shallow Work,2018-12-15 15:03:00,2018-12-15 15:59:00,0 days 00:56:00.000000000,2018-12-15 00:00:00,False
Learning,2018-12-15 16:35:00,2018-12-15 17:11:00,0 days 00:36:00.000000000,2018-12-15 00:00:00,False
Learning,2018-12-15 18:44:00,2018-12-15 19:28:00,0 days 00:44:00.000000000,2018-12-15 00:00:00,False
Learning,2018-12-16 08:35:00,2018-12-16 09:28:00,0 days 00:53:00.000000000,2018-12-16 00:00:00,False
Shallow Work,2018-12-16 11:15:00,2018-12-16 11:47:00,0 days 00:32:00.000000000,2018-12-16 00:00:00,False
Learning,2018-12-16 14:01:00,2018-12-16 14:53:00,0 days 00:52:00.000000000,2018-12-16 00:00:00,False
Shallow Work,2018-12-16 15:03:00,2018-12-16 15:14:00,0 days 00:11:00.000000000,2018-12-16 00:00:00,False
Deep Work,2018-12-16 15:58:00,2018-12-16 17:09:00,0 days 01:11:00.000000000,2018-12-16 00:00:00,False
Learning,2018-12-16 18:44:00,2018-12-16 19:34:00,0 days 00:50:00.000000000,2018-12-16 00:00:00,False
Shallow Work,2018-12-16 19:56:00,2018-12-16 20:15:00,0 days 00:19:00.000000000,2018-12-16 00:00:00,False
Deep Work,2018-12-17 09:32:00,2018-12-17 10:14:00,0 days 00:42:00.000000000,2018-12-17 00:00:00,False
Deep Work,2018-12-17 10:21:00,2018-12-17 11:00:00,0 days 00:39:00.000000000,2018-12-17 00:00:00,False
Shallow Work,2018-12-17 11:53:00,2018-12-17 12:18:00,0 days 00:25:00.000000000,2018-12-17 00:00:00,False
Shallow Work,2018-12-17 14:26:00,2018-12-17 14:48:00,0 days 00:22:00.000000000,2018-12-17 00:00:00,False
Deep Work,2018-12-17 15:42:00,2018-12-17 15:53:00,0 days 00:11:00.000000000,2018-12-17 00:00:00,False
Deep Work,2018-12-17 15:57:00,2018-12-17 17:14:00,0 days 01:17:00.000000000,2018-12-17 00:00:00,False
Learning,2018-12-17 18:52:00,2018-12-17 19:49:00,0 days 00:57:00.000000000,2018-12-17 00:00:00,False
Shallow Work,2018-12-17 21:03:00,2018-12-17 21:20:00,0 days 00:17:00.000000000,2018-12-17 00:00:00,False
Deep Work,2018-12-17 21:26:00,2018-12-17 22:51:00,0 days 01:25:00.000000000,2018-12-17 00:00:00,False
Deep Work,2018-12-18 08:35:00,2018-12-18 09:42:00,0 days 01:07:00.000000000,2018-12-18 00:00:00,False
Deep Work,2018-12-18 10:07:00,2018-12-18 12:09:00,0 days 02:02:00.000000000,2018-12-18 00:00:00,False
Deep Work,2018-12-18 13:53:00,2018-12-18 14:05:00,0 days 00:12:00.000000000,2018-12-18 00:00:00,False
Deep Work,2018-12-18 14:10:00,2018-12-18 14:47:00,0 days 00:37:00.000000000,2018-12-18 00:00:00,False
Shallow Work,2018-12-18 15:26:00,2018-12-18 16:05:00,0 days 00:39:00.000000000,2018-12-18 00:00:00,False
Gym,2018-12-18 16:15:00,2018-12-18 17:48:00,0 days 01:33:00.000000000,2018-12-18 00:00:00,False
Learning,2018-12-18 19:18:00,2018-12-18 20:12:00,0 days 00:54:00.000000000,2018-12-18 00:00:00,False
Deep Work,2018-12-18 21:25:00,2018-12-18 23:04:00,0 days 01:39:00.000000000,2018-12-18 00:00:00,False
Deep Work,2018-12-19 09:09:00,2018-12-19 09:59:00,0 days 00:50:00.000000000,2018-12-19 00:00:00,False
Deep Work,2018-12-19 10:23:00,2018-12-19 11:50:00,0 days 01:27:00.000000000,2018-12-19 00:00:00,False
Deep Work,2018-12-19 13:16:00,2018-12-19 13:24:00,0 days 00:08:00.000000000,2018-12-19 00:00:00,False
Deep Work,2018-12-19 13:31:00,2018-12-19 14:15:00,0 days 00:44:00.000000000,2018-12-19 00:00:00,False
Deep Work,2018-12-19 14:58:00,2018-12-19 16:26:00,0 days 01:28:00.000000000,2018-12-19 00:00:00,False
Learning,2018-12-19 16:34:00,2018-12-19 17:11:00,0 days 00:37:00.000000000,2018-12-19 00:00:00,False
Deep Work,2018-12-19 19:43:00,2018-12-19 20:27:00,0 days 00:44:00.000000000,2018-12-19 00:00:00,False
Learning,2018-12-19 20:38:00,2018-12-19 21:36:00,0 days 00:58:00.000000000,2018-12-19 00:00:00,False
Deep Work,2018-12-19 21:44:00,2018-12-19 23:01:00,0 days 01:17:00.000000000,2018-12-19 00:00:00,False
Deep Work,2018-12-20 09:09:00,2018-12-20 10:28:00,0 days 01:19:00.000000000,2018-12-20 00:00:00,False
Deep Work,2018-12-20 11:03:00,2018-12-20 12:00:00,0 days 00:57:00.000000000,2018-12-20 00:00:00,False
Deep Work,2018-12-20 14:43:00,2018-12-20 15:40:00,0 days 00:57:00.000000000,2018-12-20 00:00:00,False
Deep Work,2018-12-20 16:06:00,2018-12-20 17:14:00,0 days 01:08:00.000000000,2018-12-20 00:00:00,False
Learning,2018-12-20 18:48:00,2018-12-20 19:38:00,0 days 00:50:00.000000000,2018-12-20 00:00:00,False
Learning,2018-12-20 21:17:00,2018-12-20 23:09:00,0 days 01:52:00.000000000,2018-12-20 00:00:00,False
Deep Work,2018-12-21 09:36:00,2018-12-21 10:01:00,0 days 00:25:00.000000000,2018-12-21 00:00:00,False
Deep Work,2018-12-21 11:19:00,2018-12-21 11:43:00,0 days 00:24:00.000000000,2018-12-21 00:00:00,False
Deep Work,2018-12-21 11:50:00,2018-12-21 13:16:00,0 days 01:26:00.000000000,2018-12-21 00:00:00,False
Deep Work,2018-12-21 13:37:00,2018-12-21 13:47:00,0 days 00:10:00.000000000,2018-12-21 00:00:00,False
Deep Work,2018-12-21 15:27:00,2018-12-21 16:39:00,0 days 01:12:00.000000000,2018-12-21 00:00:00,False
Learning,2018-12-21 18:34:00,2018-12-21 19:24:00,0 days 00:50:00.000000000,2018-12-21 00:00:00,False
Shallow Work,2018-12-21 19:55:00,2018-12-21 20:28:00,0 days 00:33:00.000000000,2018-12-21 00:00:00,False
Deep Work,2018-12-22 09:50:00,2018-12-22 10:10:00,0 days 00:20:00.000000000,2018-12-22 00:00:00,False
Deep Work,2018-12-22 10:35:00,2018-12-22 11:43:00,0 days 01:08:00.000000000,2018-12-22 00:00:00,False
Deep Work,2018-12-22 14:59:00,2018-12-22 15:07:00,0 days 00:08:00.000000000,2018-12-22 00:00:00,False
Deep Work,2018-12-22 16:05:00,2018-12-22 16:35:00,0 days 00:30:00.000000000,2018-12-22 00:00:00,False
Deep Work,2018-12-22 16:56:00,2018-12-22 17:11:00,0 days 00:15:00.000000000,2018-12-22 00:00:00,False
Learning,2018-12-22 18:39:00,2018-12-22 19:34:00,0 days 00:55:00.000000000,2018-12-22 00:00:00,False
Learning,2018-12-23 09:01:00,2018-12-23 09:54:00,0 days 00:53:00.000000000,2018-12-23 00:00:00,False
Deep Work,2018-12-23 10:46:00,2018-12-23 11:37:00,0 days 00:51:00.000000000,2018-12-23 00:00:00,False
Deep Work,2018-12-23 11:42:00,2018-12-23 12:15:00,0 days 00:33:00.000000000,2018-12-23 00:00:00,False
Learning,2018-12-23 13:42:00,2018-12-23 14:32:00,0 days 00:50:00.000000000,2018-12-23 00:00:00,False
Deep Work,2018-12-23 15:37:00,2018-12-23 17:00:00,0 days 01:23:00.000000000,2018-12-23 00:00:00,False
Learning,2018-12-23 18:42:00,2018-12-23 19:32:00,0 days 00:50:00.000000000,2018-12-23 00:00:00,False
Learning,2018-12-24 09:24:00,2018-12-24 09:41:00,0 days 00:17:00.000000000,2018-12-24 00:00:00,False
Learning,2018-12-24 09:49:00,2018-12-24 10:22:00,0 days 00:33:00.000000000,2018-12-24 00:00:00,False
Learning,2018-12-24 12:04:00,2018-12-24 12:48:00,0 days 00:44:00.000000000,2018-12-24 00:00:00,False
Learning,2018-12-25 09:09:00,2018-12-25 10:03:00,0 days 00:54:00.000000000,2018-12-25 00:00:00,False
Learning,2018-12-25 14:50:00,2018-12-25 15:35:00,0 days 00:45:00.000000000,2018-12-25 00:00:00,False
Learning,2018-12-25 18:35:00,2018-12-25 19:23:00,0 days 00:48:00.000000000,2018-12-25 00:00:00,False
Learning,2018-12-26 08:57:00,2018-12-26 09:47:00,0 days 00:50:00.000000000,2018-12-26 00:00:00,False
Learning,2018-12-26 18:37:00,2018-12-26 19:27:00,0 days 00:50:00.000000000,2018-12-26 00:00:00,False
Learning,2018-12-27 10:08:00,2018-12-27 10:55:00,0 days 00:47:00.000000000,2018-12-27 00:00:00,False
Gym,2018-12-27 16:00:00,2018-12-27 17:40:00,0 days 01:40:00.000000000,2018-12-27 00:00:00,False
Learning,2018-12-27 19:19:00,2018-12-27 20:05:00,0 days 00:46:00.000000000,2018-12-27 00:00:00,False
Learning,2018-12-28 09:36:00,2018-12-28 10:19:00,0 days 00:43:00.000000000,2018-12-28 00:00:00,False
Learning,2018-12-28 12:41:00,2018-12-28 13:42:00,0 days 01:01:00.000000000,2018-12-28 00:00:00,False
Learning,2018-12-28 16:49:00,2018-12-28 17:07:00,0 days 00:18:00.000000000,2018-12-28 00:00:00,False
Learning,2018-12-28 17:15:00,2018-12-28 17:30:00,0 days 00:15:00.000000000,2018-12-28 00:00:00,False
Learning,2018-12-28 18:55:00,2018-12-28 19:44:00,0 days 00:49:00.000000000,2018-12-28 00:00:00,False
Deep Work,2018-12-29 09:38:00,2018-12-29 10:37:00,0 days 00:59:00.000000000,2018-12-29 00:00:00,False
Deep Work,2018-12-29 11:11:00,2018-12-29 12:30:00,0 days 01:19:00.000000000,2018-12-29 00:00:00,False
Deep Work,2018-12-29 16:04:00,2018-12-29 17:27:00,0 days 01:23:00.000000000,2018-12-29 00:00:00,False
Learning,2018-12-30 09:08:00,2018-12-30 09:48:00,0 days 00:40:00.000000000,2018-12-30 00:00:00,False
Deep Work,2018-12-30 14:49:00,2018-12-30 16:18:00,0 days 01:29:00.000000000,2018-12-30 00:00:00,False
Deep Work,2018-12-30 16:39:00,2018-12-30 17:32:00,0 days 00:53:00.000000000,2018-12-30 00:00:00,False
Learning,2018-12-30 19:25:00,2018-12-30 19:46:00,0 days 00:21:00.000000000,2018-12-30 00:00:00,False
Learning,2018-12-31 09:09:00,2018-12-31 10:13:00,0 days 01:04:00.000000000,2018-12-31 00:00:00,False
Learning,2019-01-01 10:07:00,2019-01-01 10:54:00,0 days 00:47:00.000000000,2019-01-01 00:00:00,False
Deep Work,2019-01-02 09:19:00,2019-01-02 10:25:00,0 days 01:06:00.000000000,2019-01-02 00:00:00,False
Deep Work,2019-01-02 10:46:00,2019-01-02 12:03:00,0 days 01:17:00.000000000,2019-01-02 00:00:00,False
Deep Work,2019-01-02 13:30:00,2019-01-02 14:28:00,0 days 00:58:00.000000000,2019-01-02 00:00:00,False
Deep Work,2019-01-02 15:40:00,2019-01-02 16:13:00,0 days 00:33:00.000000000,2019-01-02 00:00:00,False
Gym,2019-01-02 16:28:00,2019-01-02 18:15:00,0 days 01:47:00.000000000,2019-01-02 00:00:00,False
Learning,2019-01-02 19:56:00,2019-01-02 20:45:00,0 days 00:49:00.000000000,2019-01-02 00:00:00,False
Shallow Work,2019-01-02 21:16:00,2019-01-02 21:41:00,0 days 00:25:00.000000000,2019-01-02 00:00:00,False
Learning,2019-01-02 22:15:00,2019-01-02 22:43:00,0 days 00:28:00.000000000,2019-01-02 00:00:00,False
Deep Work,2019-01-03 09:12:00,2019-01-03 09:48:00,0 days 00:36:00.000000000,2019-01-03 00:00:00,False
Deep Work,2019-01-03 10:33:00,2019-01-03 11:53:00,0 days 01:20:00.000000000,2019-01-03 00:00:00,False
Deep Work,2019-01-03 14:00:00,2019-01-03 16:10:00,0 days 02:10:00.000000000,2019-01-03 00:00:00,False
Gym,2019-01-03 16:25:00,2019-01-03 18:05:00,0 days 01:40:00.000000000,2019-01-03 00:00:00,False
Learning,2019-01-03 19:44:00,2019-01-03 20:31:00,0 days 00:47:00.000000000,2019-01-03 00:00:00,False
Learning,2019-01-03 21:14:00,2019-01-03 22:29:00,0 days 01:15:00.000000000,2019-01-03 00:00:00,False
Deep Work,2019-01-04 09:29:00,2019-01-04 10:10:00,0 days 00:41:00.000000000,2019-01-04 00:00:00,False
Deep Work,2019-01-04 10:20:00,2019-01-04 11:00:00,0 days 00:40:00.000000000,2019-01-04 00:00:00,False
Gym,2019-01-04 11:26:00,2019-01-04 12:28:00,0 days 01:02:00.000000000,2019-01-04 00:00:00,False
Learning,2019-01-04 15:19:00,2019-01-04 16:20:00,0 days 01:01:00.000000000,2019-01-04 00:00:00,False
Learning,2019-01-04 18:53:00,2019-01-04 20:08:00,0 days 01:15:00.000000000,2019-01-04 00:00:00,False
Learning,2019-01-05 09:02:00,2019-01-05 09:37:00,0 days 00:35:00.000000000,2019-01-05 00:00:00,False
Learning,2019-01-06 10:32:00,2019-01-06 11:20:00,0 days 00:48:00.000000000,2019-01-06 00:00:00,False
Shallow Work,2019-01-06 14:59:00,2019-01-06 15:51:00,0 days 00:52:00.000000000,2019-01-06 00:00:00,False
Learning,2019-01-06 16:51:00,2019-01-06 17:37:00,0 days 00:46:00.000000000,2019-01-06 00:00:00,False
Deep Work,2019-01-07 10:56:00,2019-01-07 11:11:00,0 days 00:15:00.000000000,2019-01-07 00:00:00,False
Deep Work,2019-01-07 11:17:00,2019-01-07 12:09:00,0 days 00:52:00.000000000,2019-01-07 00:00:00,False
Deep Work,2019-01-07 14:48:00,2019-01-07 15:00:00,0 days 00:12:00.000000000,2019-01-07 00:00:00,False
Deep Work,2019-01-07 15:06:00,2019-01-07 15:58:00,0 days 00:52:00.000000000,2019-01-07 00:00:00,False
Gym,2019-01-07 16:15:00,2019-01-07 18:00:00,0 days 01:45:00.000000000,2019-01-07 00:00:00,False
Learning,2019-01-07 19:35:00,2019-01-07 20:33:00,0 days 00:58:00.000000000,2019-01-07 00:00:00,False
Deep Work,2019-01-07 21:37:00,2019-01-07 22:00:00,0 days 00:23:00.000000000,2019-01-07 00:00:00,False
Deep Work,2019-01-07 22:12:00,2019-01-07 22:53:00,0 days 00:41:00.000000000,2019-01-07 00:00:00,False
Shallow Work,2019-01-08 09:53:00,2019-01-08 10:16:00,0 days 00:23:00.000000000,2019-01-08 00:00:00,False
Shallow Work,2019-01-08 14:35:00,2019-01-08 14:52:00,0 days 00:17:00.000000000,2019-01-08 00:00:00,False
Deep Work,2019-01-08 15:21:00,2019-01-08 15:53:00,0 days 00:32:00.000000000,2019-01-08 00:00:00,False
Gym,2019-01-08 16:09:00,2019-01-08 17:58:00,0 days 01:49:00.000000000,2019-01-08 00:00:00,False
Learning,2019-01-08 18:55:00,2019-01-08 19:45:00,0 days 00:50:00.000000000,2019-01-08 00:00:00,False
Deep Work,2019-01-08 20:29:00,2019-01-08 21:03:00,0 days 00:34:00.000000000,2019-01-08 00:00:00,False
Deep Work,2019-01-08 21:05:00,2019-01-08 22:12:00,0 days 01:07:00.000000000,2019-01-08 00:00:00,False
Learning,2019-01-08 22:22:00,2019-01-08 22:49:00,0 days 00:27:00.000000000,2019-01-08 00:00:00,False
Deep Work,2019-01-09 09:19:00,2019-01-09 10:05:00,0 days 00:46:00.000000000,2019-01-09 00:00:00,False
Deep Work,2019-01-09 10:10:00,2019-01-09 10:41:00,0 days 00:31:00.000000000,2019-01-09 00:00:00,False
Deep Work,2019-01-09 11:20:00,2019-01-09 13:09:00,0 days 01:49:00.000000000,2019-01-09 00:00:00,False
Deep Work,2019-01-09 15:07:00,2019-01-09 15:49:00,0 days 00:42:00.000000000,2019-01-09 00:00:00,False
Deep Work,2019-01-09 16:03:00,2019-01-09 17:14:00,0 days 01:11:00.000000000,2019-01-09 00:00:00,False
Learning,2019-01-09 18:45:00,2019-01-09 19:33:00,0 days 00:48:00.000000000,2019-01-09 00:00:00,False
Learning,2019-01-09 21:01:00,2019-01-09 21:58:00,0 days 00:57:00.000000000,2019-01-09 00:00:00,False
Shallow Work,2019-01-09 22:28:00,2019-01-09 22:42:00,0 days 00:14:00.000000000,2019-01-09 00:00:00,False
Shallow Work,2019-01-10 08:46:00,2019-01-10 09:12:00,0 days 00:26:00.000000000,2019-01-10 00:00:00,False
Deep Work,2019-01-10 09:46:00,2019-01-10 10:55:00,0 days 01:09:00.000000000,2019-01-10 00:00:00,False
Deep Work,2019-01-10 11:21:00,2019-01-10 12:52:00,0 days 01:31:00.000000000,2019-01-10 00:00:00,False
Deep Work,2019-01-10 15:05:00,2019-01-10 15:50:00,0 days 00:45:00.000000000,2019-01-10 00:00:00,False
Gym,2019-01-10 16:05:00,2019-01-10 17:52:00,0 days 01:47:00.000000000,2019-01-10 00:00:00,False
Learning,2019-01-10 19:32:00,2019-01-10 20:34:00,0 days 01:02:00.000000000,2019-01-10 00:00:00,False
Learning,2019-01-10 21:51:00,2019-01-10 22:58:00,0 days 01:07:00.000000000,2019-01-10 00:00:00,False
Deep Work,2019-01-11 10:29:00,2019-01-11 11:48:00,0 days 01:19:00.000000000,2019-01-11 00:00:00,False
Shallow Work,2019-01-11 13:25:00,2019-01-11 14:03:00,0 days 00:38:00.000000000,2019-01-11 00:00:00,False
Learning,2019-01-11 15:47:00,2019-01-11 16:34:00,0 days 00:47:00.000000000,2019-01-11 00:00:00,False
Gym,2019-01-11 16:42:00,2019-01-11 17:18:00,0 days 00:36:00.000000000,2019-01-11 00:00:00,False
Learning,2019-01-11 18:32:00,2019-01-11 19:21:00,0 days 00:49:00.000000000,2019-01-11 00:00:00,False
Learning,2019-01-12 08:54:00,2019-01-12 09:31:00,0 days 00:37:00.000000000,2019-01-12 00:00:00,False
Deep Work,2019-01-12 14:04:00,2019-01-12 14:36:00,0 days 00:32:00.000000000,2019-01-12 00:00:00,False
Deep Work,2019-01-12 14:46:00,2019-01-12 16:25:00,0 days 01:39:00.000000000,2019-01-12 00:00:00,False
Deep Work,2019-01-12 16:28:00,2019-01-12 16:54:00,0 days 00:26:00.000000000,2019-01-12 00:00:00,False
Learning,2019-01-12 18:35:00,2019-01-12 19:30:00,0 days 00:55:00.000000000,2019-01-12 00:00:00,False
Deep Work,2019-01-13 10:56:00,2019-01-13 12:16:00,0 days 01:20:00.000000000,2019-01-13 00:00:00,False
Learning,2019-01-13 14:09:00,2019-01-13 14:52:00,0 days 00:43:00.000000000,2019-01-13 00:00:00,False
Deep Work,2019-01-13 15:31:00,2019-01-13 15:46:00,0 days 00:15:00.000000000,2019-01-13 00:00:00,False
Gym,2019-01-13 16:06:00,2019-01-13 17:53:00,0 days 01:47:00.000000000,2019-01-13 00:00:00,False
Deep Work,2019-01-14 08:46:00,2019-01-14 10:18:00,0 days 01:32:00.000000000,2019-01-14 00:00:00,False
Deep Work,2019-01-14 10:40:00,2019-01-14 11:45:00,0 days 01:05:00.000000000,2019-01-14 00:00:00,False
Deep Work,2019-01-14 13:07:00,2019-01-14 14:18:00,0 days 01:11:00.000000000,2019-01-14 00:00:00,False
Deep Work,2019-01-14 15:07:00,2019-01-14 15:39:00,0 days 00:32:00.000000000,2019-01-14 00:00:00,False
Deep Work,2019-01-14 15:42:00,2019-01-14 16:19:00,0 days 00:37:00.000000000,2019-01-14 00:00:00,False
Gym,2019-01-14 16:29:00,2019-01-14 18:07:00,0 days 01:38:00.000000000,2019-01-14 00:00:00,False
Learning,2019-01-14 19:35:00,2019-01-14 20:22:00,0 days 00:47:00.000000000,2019-01-14 00:00:00,False
Deep Work,2019-01-14 21:33:00,2019-01-14 22:41:00,0 days 01:08:00.000000000,2019-01-14 00:00:00,False
Learning,2019-01-14 22:41:00,2019-01-14 22:56:00,0 days 00:15:00.000000000,2019-01-14 00:00:00,False
Deep Work,2019-01-15 08:58:00,2019-01-15 09:49:00,0 days 00:51:00.000000000,2019-01-15 00:00:00,False
Deep Work,2019-01-15 09:56:00,2019-01-15 10:14:00,0 days 00:18:00.000000000,2019-01-15 00:00:00,False
Deep Work,2019-01-15 10:51:00,2019-01-15 12:11:00,0 days 01:20:00.000000000,2019-01-15 00:00:00,False
Deep Work,2019-01-15 14:57:00,2019-01-15 15:59:00,0 days 01:02:00.000000000,2019-01-15 00:00:00,False
Gym,2019-01-15 16:11:00,2019-01-15 18:01:00,0 days 01:50:00.000000000,2019-01-15 00:00:00,False
Learning,2019-01-15 19:39:00,2019-01-15 20:40:00,0 days 01:01:00.000000000,2019-01-15 00:00:00,False
Shallow Work,2019-01-15 22:09:00,2019-01-15 22:34:00,0 days 00:25:00.000000000,2019-01-15 00:00:00,False
Deep Work,2019-01-16 08:51:00,2019-01-16 10:19:00,0 days 01:28:00.000000000,2019-01-16 00:00:00,False
Deep Work,2019-01-16 10:46:00,2019-01-16 11:34:00,0 days 00:48:00.000000000,2019-01-16 00:00:00,False
Learning,2019-01-16 14:46:00,2019-01-16 15:46:00,0 days 01:00:00.000000000,2019-01-16 00:00:00,False
Learning,2019-01-16 16:17:00,2019-01-16 17:14:00,0 days 00:57:00.000000000,2019-01-16 00:00:00,False
Learning,2019-01-16 18:39:00,2019-01-16 19:39:00,0 days 01:00:00.000000000,2019-01-16 00:00:00,False
Shallow Work,2019-01-16 22:10:00,2019-01-16 22:54:00,0 days 00:44:00.000000000,2019-01-16 00:00:00,False
Deep Work,2019-01-17 09:27:00,2019-01-17 10:20:00,0 days 00:53:00.000000000,2019-01-17 00:00:00,False
Learning,2019-01-17 13:48:00,2019-01-17 14:35:00,0 days 00:47:00.000000000,2019-01-17 00:00:00,False
Learning,2019-01-17 16:53:00,2019-01-17 17:31:00,0 days 00:38:00.000000000,2019-01-17 00:00:00,False
Learning,2019-01-17 19:32:00,2019-01-17 20:09:00,0 days 00:37:00.000000000,2019-01-17 00:00:00,False
Deep Work,2019-01-18 09:14:00,2019-01-18 10:17:00,0 days 01:03:00.000000000,2019-01-18 00:00:00,False
Deep Work,2019-01-18 11:05:00,2019-01-18 11:55:00,0 days 00:50:00.000000000,2019-01-18 00:00:00,False
Deep Work,2019-01-18 13:30:00,2019-01-18 14:01:00,0 days 00:31:00.000000000,2019-01-18 00:00:00,False
Shallow Work,2019-01-18 14:03:00,2019-01-18 14:38:00,0 days 00:35:00.000000000,2019-01-18 00:00:00,False
Deep Work,2019-01-18 15:20:00,2019-01-18 15:56:00,0 days 00:36:00.000000000,2019-01-18 00:00:00,False
Gym,2019-01-18 16:07:00,2019-01-18 17:54:00,0 days 01:47:00.000000000,2019-01-18 00:00:00,False
Learning,2019-01-18 19:14:00,2019-01-18 20:07:00,0 days 00:53:00.000000000,2019-01-18 00:00:00,False
Deep Work,2019-01-19 08:05:00,2019-01-19 09:28:00,0 days 01:23:00.000000000,2019-01-19 00:00:00,False
Shallow Work,2019-01-19 10:05:00,2019-01-19 12:12:00,0 days 02:07:00.000000000,2019-01-19 00:00:00,False
Learning,2019-01-19 14:53:00,2019-01-19 15:45:00,0 days 00:52:00.000000000,2019-01-19 00:00:00,False
Deep Work,2019-01-19 15:52:00,2019-01-19 17:41:00,0 days 01:49:00.000000000,2019-01-19 00:00:00,False
Learning,2019-01-19 18:33:00,2019-01-19 19:12:00,0 days 00:39:00.000000000,2019-01-19 00:00:00,False
Deep Work,2019-01-19 19:26:00,2019-01-19 20:02:00,0 days 00:36:00.000000000,2019-01-19 00:00:00,False
Deep Work,2019-01-20 08:46:00,2019-01-20 10:08:00,0 days 01:22:00.000000000,2019-01-20 00:00:00,False
Learning,2019-01-20 10:29:00,2019-01-20 11:18:00,0 days 00:49:00.000000000,2019-01-20 00:00:00,False
Deep Work,2019-01-20 15:04:00,2019-01-20 15:28:00,0 days 00:24:00.000000000,2019-01-20 00:00:00,False
Gym,2019-01-20 16:03:00,2019-01-20 17:48:00,0 days 01:45:00.000000000,2019-01-20 00:00:00,False
Learning,2019-01-20 18:49:00,2019-01-20 19:40:00,0 days 00:51:00.000000000,2019-01-20 00:00:00,False
Deep Work,2019-01-21 08:36:00,2019-01-21 09:58:00,0 days 01:22:00.000000000,2019-01-21 00:00:00,False
Deep Work,2019-01-21 10:27:00,2019-01-21 11:46:00,0 days 01:19:00.000000000,2019-01-21 00:00:00,False
Deep Work,2019-01-21 13:05:00,2019-01-21 13:21:00,0 days 00:16:00.000000000,2019-01-21 00:00:00,False
Deep Work,2019-01-21 13:27:00,2019-01-21 14:16:00,0 days 00:49:00.000000000,2019-01-21 00:00:00,False
Deep Work,2019-01-21 14:49:00,2019-01-21 16:05:00,0 days 01:16:00.000000000,2019-01-21 00:00:00,False
Gym,2019-01-21 16:19:00,2019-01-21 18:05:00,0 days 01:46:00.000000000,2019-01-21 00:00:00,False
Learning,2019-01-21 19:24:00,2019-01-21 20:14:00,0 days 00:50:00.000000000,2019-01-21 00:00:00,False
Deep Work,2019-01-21 21:41:00,2019-01-21 22:37:00,0 days 00:56:00.000000000,2019-01-21 00:00:00,False
Deep Work,2019-01-22 08:53:00,2019-01-22 09:26:00,0 days 00:33:00.000000000,2019-01-22 00:00:00,False
Deep Work,2019-01-22 09:30:00,2019-01-22 10:21:00,0 days 00:51:00.000000000,2019-01-22 00:00:00,False
Deep Work,2019-01-22 11:18:00,2019-01-22 12:13:00,0 days 00:55:00.000000000,2019-01-22 00:00:00,False
Deep Work,2019-01-22 13:41:00,2019-01-22 14:43:00,0 days 01:02:00.000000000,2019-01-22 00:00:00,False
Deep Work,2019-01-22 15:31:00,2019-01-22 16:10:00,0 days 00:39:00.000000000,2019-01-22 00:00:00,False
Deep Work,2019-01-22 16:34:00,2019-01-22 17:18:00,0 days 00:44:00.000000000,2019-01-22 00:00:00,False
Learning,2019-01-22 18:47:00,2019-01-22 19:32:00,0 days 00:45:00.000000000,2019-01-22 00:00:00,False
Learning,2019-01-22 22:24:00,2019-01-22 23:03:00,0 days 00:39:00.000000000,2019-01-22 00:00:00,False
Deep Work,2019-01-23 08:38:00,2019-01-23 09:52:00,0 days 01:14:00.000000000,2019-01-23 00:00:00,False
Deep Work,2019-01-23 10:17:00,2019-01-23 11:33:00,0 days 01:16:00.000000000,2019-01-23 00:00:00,False
Deep Work,2019-01-23 12:56:00,2019-01-23 13:13:00,0 days 00:17:00.000000000,2019-01-23 00:00:00,False
Deep Work,2019-01-23 14:02:00,2019-01-23 15:14:00,0 days 01:12:00.000000000,2019-01-23 00:00:00,False
Deep Work,2019-01-23 15:19:00,2019-01-23 15:59:00,0 days 00:40:00.000000000,2019-01-23 00:00:00,False
Gym,2019-01-23 16:08:00,2019-01-23 17:21:00,0 days 01:13:00.000000000,2019-01-23 00:00:00,False
Learning,2019-01-23 18:46:00,2019-01-23 19:36:00,0 days 00:50:00.000000000,2019-01-23 00:00:00,False
Learning,2019-01-23 21:24:00,2019-01-23 22:52:00,0 days 01:28:00.000000000,2019-01-23 00:00:00,False
Deep Work,2019-01-24 08:29:00,2019-01-24 09:10:00,0 days 00:41:00.000000000,2019-01-24 00:00:00,False
Deep Work,2019-01-24 09:18:00,2019-01-24 09:47:00,0 days 00:29:00.000000000,2019-01-24 00:00:00,False
Deep Work,2019-01-24 10:10:00,2019-01-24 11:40:00,0 days 01:30:00.000000000,2019-01-24 00:00:00,False
Deep Work,2019-01-24 12:16:00,2019-01-24 12:51:00,0 days 00:35:00.000000000,2019-01-24 00:00:00,False
Deep Work,2019-01-24 15:22:00,2019-01-24 16:13:00,0 days 00:51:00.000000000,2019-01-24 00:00:00,False
Deep Work,2019-01-24 16:42:00,2019-01-24 17:15:00,0 days 00:33:00.000000000,2019-01-24 00:00:00,False
Learning,2019-01-24 18:47:00,2019-01-24 19:38:00,0 days 00:51:00.000000000,2019-01-24 00:00:00,False
Learning,2019-01-24 21:54:00,2019-01-24 23:14:00,0 days 01:20:00.000000000,2019-01-24 00:00:00,False
Deep Work,2019-01-25 09:05:00,2019-01-25 09:19:00,0 days 00:14:00.000000000,2019-01-25 00:00:00,False
Deep Work,2019-01-25 09:23:00,2019-01-25 10:36:00,0 days 01:13:00.000000000,2019-01-25 00:00:00,False
Deep Work,2019-01-25 12:15:00,2019-01-25 12:39:00,0 days 00:24:00.000000000,2019-01-25 00:00:00,False
Deep Work,2019-01-25 13:00:00,2019-01-25 13:35:00,0 days 00:35:00.000000000,2019-01-25 00:00:00,False
Shallow Work,2019-01-25 14:01:00,2019-01-25 14:35:00,0 days 00:34:00.000000000,2019-01-25 00:00:00,False
Deep Work,2019-01-25 15:21:00,2019-01-25 15:48:00,0 days 00:27:00.000000000,2019-01-25 00:00:00,False
Gym,2019-01-25 16:11:00,2019-01-25 17:59:00,0 days 01:48:00.000000000,2019-01-25 00:00:00,False
Learning,2019-01-25 19:08:00,2019-01-25 20:01:00,0 days 00:53:00.000000000,2019-01-25 00:00:00,False
Deep Work,2019-01-26 10:11:00,2019-01-26 10:47:00,0 days 00:36:00.000000000,2019-01-26 00:00:00,False
Deep Work,2019-01-26 11:59:00,2019-01-26 12:39:00,0 days 00:40:00.000000000,2019-01-26 00:00:00,False
Deep Work,2019-01-26 15:41:00,2019-01-26 17:01:00,0 days 01:20:00.000000000,2019-01-26 00:00:00,False
Deep Work,2019-01-26 17:20:00,2019-01-26 18:04:00,0 days 00:44:00.000000000,2019-01-26 00:00:00,False
Learning,2019-01-26 19:05:00,2019-01-26 19:40:00,0 days 00:35:00.000000000,2019-01-26 00:00:00,False
Deep Work,2019-01-26 19:43:00,2019-01-26 20:59:00,0 days 01:16:00.000000000,2019-01-26 00:00:00,False
Deep Work,2019-01-27 09:24:00,2019-01-27 10:36:00,0 days 01:12:00.000000000,2019-01-27 00:00:00,False
Deep Work,2019-01-27 11:17:00,2019-01-27 12:03:00,0 days 00:46:00.000000000,2019-01-27 00:00:00,False
Shallow Work,2019-01-27 13:26:00,2019-01-27 13:50:00,0 days 00:24:00.000000000,2019-01-27 00:00:00,False
Shallow Work,2019-01-27 14:45:00,2019-01-27 16:18:00,0 days 01:33:00.000000000,2019-01-27 00:00:00,False
Deep Work,2019-01-27 16:44:00,2019-01-27 18:00:00,0 days 01:16:00.000000000,2019-01-27 00:00:00,False
Learning,2019-01-27 19:19:00,2019-01-27 19:40:00,0 days 00:21:00.000000000,2019-01-27 00:00:00,False
Deep Work,2019-01-27 19:58:00,2019-01-27 20:18:00,0 days 00:20:00.000000000,2019-01-27 00:00:00,False
Deep Work,2019-01-28 08:43:00,2019-01-28 10:28:00,0 days 01:45:00.000000000,2019-01-28 00:00:00,False
Deep Work,2019-01-28 10:51:00,2019-01-28 12:07:00,0 days 01:16:00.000000000,2019-01-28 00:00:00,False
Deep Work,2019-01-28 13:25:00,2019-01-28 13:50:00,0 days 00:25:00.000000000,2019-01-28 00:00:00,False
Deep Work,2019-01-28 13:57:00,2019-01-28 14:40:00,0 days 00:43:00.000000000,2019-01-28 00:00:00,False
Deep Work,2019-01-28 15:08:00,2019-01-28 16:11:00,0 days 01:03:00.000000000,2019-01-28 00:00:00,False
Gym,2019-01-28 16:25:00,2019-01-28 18:01:00,0 days 01:36:00.000000000,2019-01-28 00:00:00,False
Learning,2019-01-28 19:21:00,2019-01-28 20:12:00,0 days 00:51:00.000000000,2019-01-28 00:00:00,False
Shallow Work,2019-01-28 20:32:00,2019-01-28 22:17:00,0 days 01:45:00.000000000,2019-01-28 00:00:00,False
Learning,2019-01-28 22:23:00,2019-01-28 23:03:00,0 days 00:40:00.000000000,2019-01-28 00:00:00,False
Deep Work,2019-01-29 08:40:00,2019-01-29 09:50:00,0 days 01:10:00.000000000,2019-01-29 00:00:00,False
Deep Work,2019-01-29 10:55:00,2019-01-29 12:17:00,0 days 01:22:00.000000000,2019-01-29 00:00:00,False
Deep Work,2019-01-29 13:38:00,2019-01-29 15:18:00,0 days 01:40:00.000000000,2019-01-29 00:00:00,False
Shallow Work,2019-01-29 15:50:00,2019-01-29 16:27:00,0 days 00:37:00.000000000,2019-01-29 00:00:00,False
Deep Work,2019-01-29 16:53:00,2019-01-29 17:36:00,0 days 00:43:00.000000000,2019-01-29 00:00:00,False
Learning,2019-01-29 19:07:00,2019-01-29 19:59:00,0 days 00:52:00.000000000,2019-01-29 00:00:00,False
Shallow Work,2019-01-29 20:38:00,2019-01-29 21:36:00,0 days 00:58:00.000000000,2019-01-29 00:00:00,False
Learning,2019-01-29 21:45:00,2019-01-29 22:46:00,0 days 01:01:00.000000000,2019-01-29 00:00:00,False
Deep Work,2019-01-30 08:39:00,2019-01-30 09:56:00,0 days 01:17:00.000000000,2019-01-30 00:00:00,False
Deep Work,2019-01-30 10:18:00,2019-01-30 11:49:00,0 days 01:31:00.000000000,2019-01-30 00:00:00,False
Deep Work,2019-01-30 13:18:00,2019-01-30 15:13:00,0 days 01:55:00.000000000,2019-01-30 00:00:00,False
Deep Work,2019-01-30 15:46:00,2019-01-30 16:01:00,0 days 00:15:00.000000000,2019-01-30 00:00:00,False
Gym,2019-01-30 16:11:00,2019-01-30 17:54:00,0 days 01:43:00.000000000,2019-01-30 00:00:00,False
Learning,2019-01-30 19:25:00,2019-01-30 20:16:00,0 days 00:51:00.000000000,2019-01-30 00:00:00,False
Shallow Work,2019-01-30 20:41:00,2019-01-30 20:54:00,0 days 00:13:00.000000000,2019-01-30 00:00:00,False
Shallow Work,2019-01-30 21:15:00,2019-01-30 23:09:00,0 days 01:54:00.000000000,2019-01-30 00:00:00,False
Deep Work,2019-01-31 08:45:00,2019-01-31 09:53:00,0 days 01:08:00.000000000,2019-01-31 00:00:00,False
Deep Work,2019-01-31 10:25:00,2019-01-31 11:46:00,0 days 01:21:00.000000000,2019-01-31 00:00:00,False
Deep Work,2019-01-31 13:27:00,2019-01-31 14:47:00,0 days 01:20:00.000000000,2019-01-31 00:00:00,False
Learning,2019-01-31 14:55:00,2019-01-31 15:47:00,0 days 00:52:00.000000000,2019-01-31 00:00:00,False
Deep Work,2019-01-31 16:22:00,2019-01-31 18:01:00,0 days 01:39:00.000000000,2019-01-31 00:00:00,False
Learning,2019-01-31 19:41:00,2019-01-31 20:35:00,0 days 00:54:00.000000000,2019-01-31 00:00:00,False
Shallow Work,2019-01-31 21:39:00,2019-01-31 23:04:00,0 days 01:25:00.000000000,2019-01-31 00:00:00,False
Deep Work,2019-02-01 08:48:00,2019-02-01 09:42:00,0 days 00:54:00.000000000,2019-02-01 00:00:00,False
Deep Work,2019-02-01 10:13:00,2019-02-01 12:26:00,0 days 02:13:00.000000000,2019-02-01 00:00:00,False
Deep Work,2019-02-01 13:30:00,2019-02-01 14:04:00,0 days 00:34:00.000000000,2019-02-01 00:00:00,False
Shallow Work,2019-02-01 14:06:00,2019-02-01 14:37:00,0 days 00:31:00.000000000,2019-02-01 00:00:00,False
Deep Work,2019-02-01 15:11:00,2019-02-01 15:57:00,0 days 00:46:00.000000000,2019-02-01 00:00:00,False
Gym,2019-02-01 16:08:00,2019-02-01 17:46:00,0 days 01:38:00.000000000,2019-02-01 00:00:00,False
Learning,2019-02-01 19:00:00,2019-02-01 19:40:00,0 days 00:40:00.000000000,2019-02-01 00:00:00,False
Deep Work,2019-02-01 19:55:00,2019-02-01 20:19:00,0 days 00:24:00.000000000,2019-02-01 00:00:00,False
Deep Work,2019-02-02 08:32:00,2019-02-02 09:40:00,0 days 01:08:00.000000000,2019-02-02 00:00:00,False
Deep Work,2019-02-02 10:45:00,2019-02-02 11:17:00,0 days 00:32:00.000000000,2019-02-02 00:00:00,False
Deep Work,2019-02-02 14:21:00,2019-02-02 15:40:00,0 days 01:19:00.000000000,2019-02-02 00:00:00,False
Learning,2019-02-02 15:42:00,2019-02-02 16:34:00,0 days 00:52:00.000000000,2019-02-02 00:00:00,False
Deep Work,2019-02-02 16:59:00,2019-02-02 17:32:00,0 days 00:33:00.000000000,2019-02-02 00:00:00,False
Deep Work,2019-02-03 08:57:00,2019-02-03 10:06:00,0 days 01:09:00.000000000,2019-02-03 00:00:00,False
Learning,2019-02-03 10:18:00,2019-02-03 11:00:00,0 days 00:42:00.000000000,2019-02-03 00:00:00,False
Deep Work,2019-02-03 10:59:00,2019-02-03 12:00:00,0 days 01:01:00.000000000,2019-02-03 00:00:00,False
Shallow Work,2019-02-03 14:33:00,2019-02-03 16:26:00,0 days 01:53:00.000000000,2019-02-03 00:00:00,False
Shallow Work,2019-02-03 16:50:00,2019-02-03 16:59:00,0 days 00:09:00.000000000,2019-02-03 00:00:00,False
Shallow Work,2019-02-03 18:33:00,2019-02-03 18:52:00,0 days 00:19:00.000000000,2019-02-03 00:00:00,False
Deep Work,2019-02-04 08:51:00,2019-02-04 09:47:00,0 days 00:56:00.000000000,2019-02-04 00:00:00,False
Deep Work,2019-02-04 10:32:00,2019-02-04 11:48:00,0 days 01:16:00.000000000,2019-02-04 00:00:00,False
Deep Work,2019-02-04 12:02:00,2019-02-04 13:28:00,0 days 01:26:00.000000000,2019-02-04 00:00:00,False
Deep Work,2019-02-04 13:29:00,2019-02-04 14:05:00,0 days 00:36:00.000000000,2019-02-04 00:00:00,False
Deep Work,2019-02-04 14:40:00,2019-02-04 15:18:00,0 days 00:38:00.000000000,2019-02-04 00:00:00,False
Deep Work,2019-02-04 15:34:00,2019-02-04 15:56:00,0 days 00:22:00.000000000,2019-02-04 00:00:00,False
Gym,2019-02-04 16:06:00,2019-02-04 17:54:00,0 days 01:48:00.000000000,2019-02-04 00:00:00,False
Learning,2019-02-04 19:21:00,2019-02-04 20:13:00,0 days 00:52:00.000000000,2019-02-04 00:00:00,False
Shallow Work,2019-02-04 21:00:00,2019-02-04 21:10:00,0 days 00:10:00.000000000,2019-02-04 00:00:00,False
Deep Work,2019-02-04 21:19:00,2019-02-04 22:50:00,0 days 01:31:00.000000000,2019-02-04 00:00:00,False
Deep Work,2019-02-05 08:17:00,2019-02-05 08:54:00,0 days 00:37:00.000000000,2019-02-05 00:00:00,False
Deep Work,2019-02-05 09:05:00,2019-02-05 10:56:00,0 days 01:51:00.000000000,2019-02-05 00:00:00,False
Deep Work,2019-02-05 11:17:00,2019-02-05 14:00:00,0 days 02:43:00.000000000,2019-02-05 00:00:00,False
Shallow Work,2019-02-05 14:00:00,2019-02-05 14:29:00,0 days 00:29:00.000000000,2019-02-05 00:00:00,False
Deep Work,2019-02-05 15:03:00,2019-02-05 15:55:00,0 days 00:52:00.000000000,2019-02-05 00:00:00,False
Gym,2019-02-05 16:06:00,2019-02-05 17:43:00,0 days 01:37:00.000000000,2019-02-05 00:00:00,False
Learning,2019-02-05 19:09:00,2019-02-05 20:04:00,0 days 00:55:00.000000000,2019-02-05 00:00:00,False
Shallow Work,2019-02-05 20:12:00,2019-02-05 20:53:00,0 days 00:41:00.000000000,2019-02-05 00:00:00,False
Shallow Work,2019-02-05 21:06:00,2019-02-05 21:25:00,0 days 00:19:00.000000000,2019-02-05 00:00:00,False
Shallow Work,2019-02-05 21:35:00,2019-02-05 22:37:00,0 days 01:02:00.000000000,2019-02-05 00:00:00,False
Deep Work,2019-02-06 09:05:00,2019-02-06 09:36:00,0 days 00:31:00.000000000,2019-02-06 00:00:00,False
Deep Work,2019-02-06 11:37:00,2019-02-06 11:45:00,0 days 00:08:00.000000000,2019-02-06 00:00:00,False
Deep Work,2019-02-06 11:50:00,2019-02-06 13:55:00,0 days 02:05:00.000000000,2019-02-06 00:00:00,False
Deep Work,2019-02-06 15:01:00,2019-02-06 16:08:00,0 days 01:07:00.000000000,2019-02-06 00:00:00,False
Deep Work,2019-02-06 16:15:00,2019-02-06 16:58:00,0 days 00:43:00.000000000,2019-02-06 00:00:00,False
Learning,2019-02-06 18:54:00,2019-02-06 19:33:00,0 days 00:39:00.000000000,2019-02-06 00:00:00,False
Shallow Work,2019-02-06 20:41:00,2019-02-06 20:58:00,0 days 00:17:00.000000000,2019-02-06 00:00:00,False
Deep Work,2019-02-06 21:03:00,2019-02-06 23:02:00,0 days 01:59:00.000000000,2019-02-06 00:00:00,False
Deep Work,2019-02-07 08:52:00,2019-02-07 09:24:00,0 days 00:32:00.000000000,2019-02-07 00:00:00,False
Deep Work,2019-02-07 09:31:00,2019-02-07 10:27:00,0 days 00:56:00.000000000,2019-02-07 00:00:00,False
Deep Work,2019-02-07 10:48:00,2019-02-07 12:38:00,0 days 01:50:00.000000000,2019-02-07 00:00:00,False
Deep Work,2019-02-07 13:17:00,2019-02-07 14:49:00,0 days 01:32:00.000000000,2019-02-07 00:00:00,False
Deep Work,2019-02-07 15:27:00,2019-02-07 15:58:00,0 days 00:31:00.000000000,2019-02-07 00:00:00,False
Gym,2019-02-07 16:13:00,2019-02-07 17:45:00,0 days 01:32:00.000000000,2019-02-07 00:00:00,False
Learning,2019-02-07 19:30:00,2019-02-07 20:22:00,0 days 00:52:00.000000000,2019-02-07 00:00:00,False
Deep Work,2019-02-07 21:08:00,2019-02-07 22:22:00,0 days 01:14:00.000000000,2019-02-07 00:00:00,False
Deep Work,2019-02-07 22:32:00,2019-02-07 23:21:00,0 days 00:49:00.000000000,2019-02-07 00:00:00,False
Deep Work,2019-02-08 08:26:00,2019-02-08 09:02:00,0 days 00:36:00.000000000,2019-02-08 00:00:00,False
Deep Work,2019-02-08 09:12:00,2019-02-08 10:25:00,0 days 01:13:00.000000000,2019-02-08 00:00:00,False
Deep Work,2019-02-08 10:36:00,2019-02-08 11:12:00,0 days 00:36:00.000000000,2019-02-08 00:00:00,False
Deep Work,2019-02-08 11:16:00,2019-02-08 12:44:00,0 days 01:28:00.000000000,2019-02-08 00:00:00,False
Deep Work,2019-02-08 13:49:00,2019-02-08 14:00:00,0 days 00:11:00.000000000,2019-02-08 00:00:00,False
Shallow Work,2019-02-08 14:05:00,2019-02-08 14:35:00,0 days 00:30:00.000000000,2019-02-08 00:00:00,False
Deep Work,2019-02-08 15:02:00,2019-02-08 15:39:00,0 days 00:37:00.000000000,2019-02-08 00:00:00,False
Deep Work,2019-02-08 16:02:00,2019-02-08 17:07:00,0 days 01:05:00.000000000,2019-02-08 00:00:00,False
Deep Work,2019-02-08 17:18:00,2019-02-08 17:30:00,0 days 00:12:00.000000000,2019-02-08 00:00:00,False
Learning,2019-02-08 18:48:00,2019-02-08 19:25:00,0 days 00:37:00.000000000,2019-02-08 00:00:00,False
Learning,2019-02-09 08:54:00,2019-02-09 09:49:00,0 days 00:55:00.000000000,2019-02-09 00:00:00,False
Deep Work,2019-02-09 10:25:00,2019-02-09 11:58:00,0 days 01:33:00.000000000,2019-02-09 00:00:00,False
Deep Work,2019-02-09 14:11:00,2019-02-09 15:08:00,0 days 00:57:00.000000000,2019-02-09 00:00:00,False
Deep Work,2019-02-09 15:27:00,2019-02-09 16:00:00,0 days 00:33:00.000000000,2019-02-09 00:00:00,False
Gym,2019-02-09 16:12:00,2019-02-09 17:43:00,0 days 01:31:00.000000000,2019-02-09 00:00:00,False
Learning,2019-02-09 19:09:00,2019-02-09 19:48:00,0 days 00:39:00.000000000,2019-02-09 00:00:00,False
Deep Work,2019-02-10 09:01:00,2019-02-10 10:08:00,0 days 01:07:00.000000000,2019-02-10 00:00:00,False
Shallow Work,2019-02-10 11:02:00,2019-02-10 11:33:00,0 days 00:31:00.000000000,2019-02-10 00:00:00,False
Shallow Work,2019-02-10 11:59:00,2019-02-10 12:32:00,0 days 00:33:00.000000000,2019-02-10 00:00:00,False
Learning,2019-02-10 15:17:00,2019-02-10 16:12:00,0 days 00:55:00.000000000,2019-02-10 00:00:00,False
Learning,2019-02-10 18:39:00,2019-02-10 19:01:00,0 days 00:22:00.000000000,2019-02-10 00:00:00,False
Deep Work,2019-02-11 08:51:00,2019-02-11 09:17:00,0 days 00:26:00.000000000,2019-02-11 00:00:00,False
Deep Work,2019-02-11 09:22:00,2019-02-11 10:08:00,0 days 00:46:00.000000000,2019-02-11 00:00:00,False
Deep Work,2019-02-11 10:12:00,2019-02-11 10:39:00,0 days 00:27:00.000000000,2019-02-11 00:00:00,False
Deep Work,2019-02-11 11:04:00,2019-02-11 12:34:00,0 days 01:30:00.000000000,2019-02-11 00:00:00,False
Deep Work,2019-02-11 13:33:00,2019-02-11 14:48:00,0 days 01:15:00.000000000,2019-02-11 00:00:00,False
Deep Work,2019-02-11 15:21:00,2019-02-11 16:09:00,0 days 00:48:00.000000000,2019-02-11 00:00:00,False
Gym,2019-02-11 16:23:00,2019-02-11 17:51:00,0 days 01:28:00.000000000,2019-02-11 00:00:00,False
Learning,2019-02-11 19:27:00,2019-02-11 20:17:00,0 days 00:50:00.000000000,2019-02-11 00:00:00,False
Shallow Work,2019-02-11 20:47:00,2019-02-11 21:39:00,0 days 00:52:00.000000000,2019-02-11 00:00:00,False
Learning,2019-02-11 21:45:00,2019-02-11 22:05:00,0 days 00:20:00.000000000,2019-02-11 00:00:00,False
Learning,2019-02-11 22:12:00,2019-02-11 23:30:00,0 days 01:18:00.000000000,2019-02-11 00:00:00,False
Deep Work,2019-02-12 08:45:00,2019-02-12 10:05:00,0 days 01:20:00.000000000,2019-02-12 00:00:00,False
Deep Work,2019-02-12 10:35:00,2019-02-12 11:05:00,0 days 00:30:00.000000000,2019-02-12 00:00:00,False
Deep Work,2019-02-12 11:11:00,2019-02-12 13:02:00,0 days 01:51:00.000000000,2019-02-12 00:00:00,False
Deep Work,2019-02-12 13:34:00,2019-02-12 14:19:00,0 days 00:45:00.000000000,2019-02-12 00:00:00,False
Deep Work,2019-02-12 14:55:00,2019-02-12 15:59:00,0 days 01:04:00.000000000,2019-02-12 00:00:00,False
Gym,2019-02-12 16:10:00,2019-02-12 17:38:00,0 days 01:28:00.000000000,2019-02-12 00:00:00,False
Learning,2019-02-12 19:08:00,2019-02-12 20:00:00,0 days 00:52:00.000000000,2019-02-12 00:00:00,False
Shallow Work,2019-02-12 20:14:00,2019-02-12 20:49:00,0 days 00:35:00.000000000,2019-02-12 00:00:00,False
Learning,2019-02-12 20:51:00,2019-02-12 21:23:00,0 days 00:32:00.000000000,2019-02-12 00:00:00,False
Learning,2019-02-12 21:30:00,2019-02-12 22:55:00,0 days 01:25:00.000000000,2019-02-12 00:00:00,False
Deep Work,2019-02-13 08:43:00,2019-02-13 10:23:00,0 days 01:40:00.000000000,2019-02-13 00:00:00,False
Deep Work,2019-02-13 10:44:00,2019-02-13 11:07:00,0 days 00:23:00.000000000,2019-02-13 00:00:00,False
Deep Work,2019-02-13 12:22:00,2019-02-13 15:11:00,0 days 02:49:00.000000000,2019-02-13 00:00:00,False
Deep Work,2019-02-13 15:38:00,2019-02-13 18:07:00,0 days 02:29:00.000000000,2019-02-13 00:00:00,False
Learning,2019-02-13 19:44:00,2019-02-13 20:23:00,0 days 00:39:00.000000000,2019-02-13 00:00:00,False
Shallow Work,2019-02-13 21:14:00,2019-02-13 21:37:00,0 days 00:23:00.000000000,2019-02-13 00:00:00,False
Learning,2019-02-13 21:38:00,2019-02-13 23:00:00,0 days 01:22:00.000000000,2019-02-13 00:00:00,False
Deep Work,2019-02-14 08:33:00,2019-02-14 09:21:00,0 days 00:48:00.000000000,2019-02-14 00:00:00,False
Deep Work,2019-02-14 09:26:00,2019-02-14 10:13:00,0 days 00:47:00.000000000,2019-02-14 00:00:00,False
Deep Work,2019-02-14 10:36:00,2019-02-14 11:34:00,0 days 00:58:00.000000000,2019-02-14 00:00:00,False
Deep Work,2019-02-14 12:51:00,2019-02-14 15:45:00,0 days 02:54:00.000000000,2019-02-14 00:00:00,False
Deep Work,2019-02-14 15:58:00,2019-02-14 18:14:00,0 days 02:16:00.000000000,2019-02-14 00:00:00,False
Deep Work,2019-02-14 18:16:00,2019-02-14 18:32:00,0 days 00:16:00.000000000,2019-02-14 00:00:00,False
Learning,2019-02-14 19:48:00,2019-02-14 20:28:00,0 days 00:40:00.000000000,2019-02-14 00:00:00,False
Deep Work,2019-02-14 20:44:00,2019-02-14 21:44:00,0 days 01:00:00.000000000,2019-02-14 00:00:00,False
Shallow Work,2019-02-14 21:44:00,2019-02-14 22:11:00,0 days 00:27:00.000000000,2019-02-14 00:00:00,False
Shallow Work,2019-02-14 22:17:00,2019-02-14 22:52:00,0 days 00:35:00.000000000,2019-02-14 00:00:00,False
Deep Work,2019-02-15 08:34:00,2019-02-15 09:46:00,0 days 01:12:00.000000000,2019-02-15 00:00:00,False
Deep Work,2019-02-15 10:08:00,2019-02-15 11:33:00,0 days 01:25:00.000000000,2019-02-15 00:00:00,False
Deep Work,2019-02-15 12:48:00,2019-02-15 13:59:00,0 days 01:11:00.000000000,2019-02-15 00:00:00,False
Shallow Work,2019-02-15 14:03:00,2019-02-15 14:37:00,0 days 00:34:00.000000000,2019-02-15 00:00:00,False
Shallow Work,2019-02-15 14:40:00,2019-02-15 14:50:00,0 days 00:10:00.000000000,2019-02-15 00:00:00,False
Shallow Work,2019-02-15 15:22:00,2019-02-15 15:40:00,0 days 00:18:00.000000000,2019-02-15 00:00:00,False
Gym,2019-02-15 16:08:00,2019-02-15 17:37:00,0 days 01:29:00.000000000,2019-02-15 00:00:00,False
Learning,2019-02-15 19:03:00,2019-02-15 19:45:00,0 days 00:42:00.000000000,2019-02-15 00:00:00,False
Shallow Work,2019-02-15 19:45:00,2019-02-15 20:20:00,0 days 00:35:00.000000000,2019-02-15 00:00:00,False
Deep Work,2019-02-16 08:53:00,2019-02-16 09:42:00,0 days 00:49:00.000000000,2019-02-16 00:00:00,False
Shallow Work,2019-02-16 09:50:00,2019-02-16 11:41:00,0 days 01:51:00.000000000,2019-02-16 00:00:00,False
Learning,2019-02-16 14:09:00,2019-02-16 15:01:00,0 days 00:52:00.000000000,2019-02-16 00:00:00,False
Deep Work,2019-02-16 15:33:00,2019-02-16 17:44:00,0 days 02:11:00.000000000,2019-02-16 00:00:00,False
Deep Work,2019-02-16 18:46:00,2019-02-16 19:27:00,0 days 00:41:00.000000000,2019-02-16 00:00:00,False
Deep Work,2019-02-16 19:53:00,2019-02-16 20:15:00,0 days 00:22:00.000000000,2019-02-16 00:00:00,False
Shallow Work,2019-02-17 08:18:00,2019-02-17 09:46:00,0 days 01:28:00.000000000,2019-02-17 00:00:00,False
Shallow Work,2019-02-17 09:58:00,2019-02-17 10:15:00,0 days 00:17:00.000000000,2019-02-17 00:00:00,False
Learning,2019-02-17 10:26:00,2019-02-17 11:05:00,0 days 00:39:00.000000000,2019-02-17 00:00:00,False
Learning,2019-02-17 18:49:00,2019-02-17 19:15:00,0 days 00:26:00.000000000,2019-02-17 00:00:00,False
Deep Work,2019-02-18 08:39:00,2019-02-18 10:18:00,0 days 01:39:00.000000000,2019-02-18 00:00:00,False
Deep Work,2019-02-18 10:50:00,2019-02-18 12:32:00,0 days 01:42:00.000000000,2019-02-18 00:00:00,False
Deep Work,2019-02-18 14:26:00,2019-02-18 14:40:00,0 days 00:14:00.000000000,2019-02-18 00:00:00,False
Deep Work,2019-02-18 14:50:00,2019-02-18 15:52:00,0 days 01:02:00.000000000,2019-02-18 00:00:00,False
Gym,2019-02-18 16:21:00,2019-02-18 18:00:00,0 days 01:39:00.000000000,2019-02-18 00:00:00,False
Deep Work,2019-02-18 19:36:00,2019-02-18 20:12:00,0 days 00:36:00.000000000,2019-02-18 00:00:00,False
Shallow Work,2019-02-18 22:23:00,2019-02-18 22:40:00,0 days 00:17:00.000000000,2019-02-18 00:00:00,False
Deep Work,2019-02-19 08:48:00,2019-02-19 10:14:00,0 days 01:26:00.000000000,2019-02-19 00:00:00,False
Shallow Work,2019-02-19 10:15:00,2019-02-19 10:28:00,0 days 00:13:00.000000000,2019-02-19 00:00:00,False
Deep Work,2019-02-19 10:44:00,2019-02-19 11:51:00,0 days 01:07:00.000000000,2019-02-19 00:00:00,False
Deep Work,2019-02-19 11:57:00,2019-02-19 13:03:00,0 days 01:06:00.000000000,2019-02-19 00:00:00,False
Deep Work,2019-02-19 14:58:00,2019-02-19 16:04:00,0 days 01:06:00.000000000,2019-02-19 00:00:00,False
Shallow Work,2019-02-19 18:35:00,2019-02-19 18:55:00,0 days 00:20:00.000000000,2019-02-19 00:00:00,False
Deep Work,2019-02-20 09:58:00,2019-02-20 10:39:00,0 days 00:41:00.000000000,2019-02-20 00:00:00,False
Learning,2019-02-20 11:29:00,2019-02-20 12:28:00,0 days 00:59:00.000000000,2019-02-20 00:00:00,False
Deep Work,2019-02-20 14:55:00,2019-02-20 15:59:00,0 days 01:04:00.000000000,2019-02-20 00:00:00,False
Deep Work,2019-02-20 16:09:00,2019-02-20 17:30:00,0 days 01:21:00.000000000,2019-02-20 00:00:00,False
Learning,2019-02-20 19:08:00,2019-02-20 19:39:00,0 days 00:31:00.000000000,2019-02-20 00:00:00,False
Shallow Work,2019-02-20 20:22:00,2019-02-20 20:41:00,0 days 00:19:00.000000000,2019-02-20 00:00:00,False
Deep Work,2019-02-20 20:57:00,2019-02-20 21:57:00,0 days 01:00:00.000000000,2019-02-20 00:00:00,False
Deep Work,2019-02-20 22:12:00,2019-02-20 22:23:00,0 days 00:11:00.000000000,2019-02-20 00:00:00,False
Deep Work,2019-02-20 22:28:00,2019-02-20 22:57:00,0 days 00:29:00.000000000,2019-02-20 00:00:00,False
Deep Work,2019-02-21 09:15:00,2019-02-21 10:29:00,0 days 01:14:00.000000000,2019-02-21 00:00:00,False
Deep Work,2019-02-21 11:07:00,2019-02-21 11:25:00,0 days 00:18:00.000000000,2019-02-21 00:00:00,False
Deep Work,2019-02-21 11:29:00,2019-02-21 11:45:00,0 days 00:16:00.000000000,2019-02-21 00:00:00,False
Deep Work,2019-02-21 14:04:00,2019-02-21 15:21:00,0 days 01:17:00.000000000,2019-02-21 00:00:00,False
Deep Work,2019-02-21 15:31:00,2019-02-21 15:59:00,0 days 00:28:00.000000000,2019-02-21 00:00:00,False
Learning,2019-02-21 16:07:00,2019-02-21 16:51:00,0 days 00:44:00.000000000,2019-02-21 00:00:00,False
Deep Work,2019-02-21 16:59:00,2019-02-21 17:43:00,0 days 00:44:00.000000000,2019-02-21 00:00:00,False
Shallow Work,2019-02-21 17:47:00,2019-02-21 18:21:00,0 days 00:34:00.000000000,2019-02-21 00:00:00,False
Deep Work,2019-02-21 18:23:00,2019-02-21 20:26:00,0 days 02:03:00.000000000,2019-02-21 00:00:00,False
Shallow Work,2019-02-21 20:47:00,2019-02-21 21:18:00,0 days 00:31:00.000000000,2019-02-21 00:00:00,False
Shallow Work,2019-02-21 21:39:00,2019-02-21 22:13:00,0 days 00:34:00.000000000,2019-02-21 00:00:00,False
Shallow Work,2019-02-21 22:23:00,2019-02-21 23:19:00,0 days 00:56:00.000000000,2019-02-21 00:00:00,False
Deep Work,2019-02-22 09:03:00,2019-02-22 10:02:00,0 days 00:59:00.000000000,2019-02-22 00:00:00,False
Learning,2019-02-22 11:14:00,2019-02-22 12:02:00,0 days 00:48:00.000000000,2019-02-22 00:00:00,False
Deep Work,2019-02-22 13:48:00,2019-02-22 14:04:00,0 days 00:16:00.000000000,2019-02-22 00:00:00,False
Shallow Work,2019-02-22 14:04:00,2019-02-22 14:39:00,0 days 00:35:00.000000000,2019-02-22 00:00:00,False
Shallow Work,2019-02-22 14:57:00,2019-02-22 15:50:00,0 days 00:53:00.000000000,2019-02-22 00:00:00,False
Gym,2019-02-22 16:06:00,2019-02-22 17:37:00,0 days 01:31:00.000000000,2019-02-22 00:00:00,False
Learning,2019-02-22 18:48:00,2019-02-22 19:28:00,0 days 00:40:00.000000000,2019-02-22 00:00:00,False
Deep Work,2019-02-23 15:04:00,2019-02-23 16:21:00,0 days 01:17:00.000000000,2019-02-23 00:00:00,False
Learning,2019-02-23 16:39:00,2019-02-23 17:36:00,0 days 00:57:00.000000000,2019-02-23 00:00:00,False
Shallow Work,2019-02-23 19:25:00,2019-02-23 19:41:00,0 days 00:16:00.000000000,2019-02-23 00:00:00,False
Deep Work,2019-02-24 08:21:00,2019-02-24 09:23:00,0 days 01:02:00.000000000,2019-02-24 00:00:00,False
Deep Work,2019-02-24 09:29:00,2019-02-24 09:46:00,0 days 00:17:00.000000000,2019-02-24 00:00:00,False
Deep Work,2019-02-24 11:26:00,2019-02-24 12:00:00,0 days 00:34:00.000000000,2019-02-24 00:00:00,False
Shallow Work,2019-02-24 14:59:00,2019-02-24 15:42:00,0 days 00:43:00.000000000,2019-02-24 00:00:00,False
Gym,2019-02-24 16:06:00,2019-02-24 17:46:00,0 days 01:40:00.000000000,2019-02-24 00:00:00,False
Deep Work,2019-02-25 08:46:00,2019-02-25 09:42:00,0 days 00:56:00.000000000,2019-02-25 00:00:00,False
Deep Work,2019-02-25 10:07:00,2019-02-25 10:39:00,0 days 00:32:00.000000000,2019-02-25 00:00:00,False
Deep Work,2019-02-25 10:46:00,2019-02-25 12:20:00,0 days 01:34:00.000000000,2019-02-25 00:00:00,False
Deep Work,2019-02-25 14:15:00,2019-02-25 15:01:00,0 days 00:46:00.000000000,2019-02-25 00:00:00,False
Deep Work,2019-02-25 15:07:00,2019-02-25 15:32:00,0 days 00:25:00.000000000,2019-02-25 00:00:00,False
Deep Work,2019-02-25 15:38:00,2019-02-25 15:46:00,0 days 00:08:00.000000000,2019-02-25 00:00:00,False
Gym,2019-02-25 16:00:00,2019-02-25 17:43:00,0 days 01:43:00.000000000,2019-02-25 00:00:00,False
Learning,2019-02-25 19:00:00,2019-02-25 19:52:00,0 days 00:52:00.000000000,2019-02-25 00:00:00,False
Shallow Work,2019-02-25 20:42:00,2019-02-25 21:10:00,0 days 00:28:00.000000000,2019-02-25 00:00:00,False
Shallow Work,2019-02-25 21:17:00,2019-02-25 23:01:00,0 days 01:44:00.000000000,2019-02-25 00:00:00,False
Deep Work,2019-02-26 08:59:00,2019-02-26 09:37:00,0 days 00:38:00.000000000,2019-02-26 00:00:00,False
Deep Work,2019-02-26 09:51:00,2019-02-26 10:08:00,0 days 00:17:00.000000000,2019-02-26 00:00:00,False
Deep Work,2019-02-26 11:14:00,2019-02-26 11:50:00,0 days 00:36:00.000000000,2019-02-26 00:00:00,False
Deep Work,2019-02-26 13:41:00,2019-02-26 15:02:00,0 days 01:21:00.000000000,2019-02-26 00:00:00,False
Learning,2019-02-26 15:11:00,2019-02-26 16:05:00,0 days 00:54:00.000000000,2019-02-26 00:00:00,False
Deep Work,2019-02-26 16:25:00,2019-02-26 17:25:00,0 days 01:00:00.000000000,2019-02-26 00:00:00,False
Learning,2019-02-26 19:09:00,2019-02-26 20:01:00,0 days 00:52:00.000000000,2019-02-26 00:00:00,False
Shallow Work,2019-02-26 20:41:00,2019-02-26 21:16:00,0 days 00:35:00.000000000,2019-02-26 00:00:00,False
Shallow Work,2019-02-26 21:50:00,2019-02-26 22:01:00,0 days 00:11:00.000000000,2019-02-26 00:00:00,False
Shallow Work,2019-02-26 22:06:00,2019-02-26 23:12:00,0 days 01:06:00.000000000,2019-02-26 00:00:00,False
Deep Work,2019-02-27 08:30:00,2019-02-27 09:36:00,0 days 01:06:00.000000000,2019-02-27 00:00:00,False
Deep Work,2019-02-27 09:45:00,2019-02-27 09:54:00,0 days 00:09:00.000000000,2019-02-27 00:00:00,False
Deep Work,2019-02-27 10:15:00,2019-02-27 11:35:00,0 days 01:20:00.000000000,2019-02-27 00:00:00,False
Deep Work,2019-02-27 13:34:00,2019-02-27 14:30:00,0 days 00:56:00.000000000,2019-02-27 00:00:00,False
Shallow Work,2019-02-27 15:28:00,2019-02-27 15:53:00,0 days 00:25:00.000000000,2019-02-27 00:00:00,False
Gym,2019-02-27 16:08:00,2019-02-27 17:53:00,0 days 01:45:00.000000000,2019-02-27 00:00:00,False
Learning,2019-02-27 19:21:00,2019-02-27 20:13:00,0 days 00:52:00.000000000,2019-02-27 00:00:00,False
Shallow Work,2019-02-27 20:30:00,2019-02-27 20:42:00,0 days 00:12:00.000000000,2019-02-27 00:00:00,False
Shallow Work,2019-02-27 22:22:00,2019-02-27 22:47:00,0 days 00:25:00.000000000,2019-02-27 00:00:00,False
Deep Work,2019-02-28 08:35:00,2019-02-28 09:03:00,0 days 00:28:00.000000000,2019-02-28 00:00:00,False
Deep Work,2019-02-28 09:09:00,2019-02-28 10:10:00,0 days 01:01:00.000000000,2019-02-28 00:00:00,False
Deep Work,2019-02-28 10:47:00,2019-02-28 11:14:00,0 days 00:27:00.000000000,2019-02-28 00:00:00,False
Deep Work,2019-02-28 11:14:00,2019-02-28 11:32:00,0 days 00:18:00.000000000,2019-02-28 00:00:00,False
Learning,2019-02-28 14:31:00,2019-02-28 15:49:00,0 days 01:18:00.000000000,2019-02-28 00:00:00,False
Learning,2019-02-28 18:04:00,2019-02-28 18:56:00,0 days 00:52:00.000000000,2019-02-28 00:00:00,False
Shallow Work,2019-02-28 20:55:00,2019-02-28 21:09:00,0 days 00:14:00.000000000,2019-02-28 00:00:00,False
Learning,2019-02-28 21:21:00,2019-02-28 21:56:00,0 days 00:35:00.000000000,2019-02-28 00:00:00,False
Shallow Work,2019-02-28 22:27:00,2019-02-28 23:07:00,0 days 00:40:00.000000000,2019-02-28 00:00:00,False
Deep Work,2019-03-01 08:49:00,2019-03-01 09:07:00,0 days 00:18:00.000000000,2019-03-01 00:00:00,False
Deep Work,2019-03-01 09:12:00,2019-03-01 10:06:00,0 days 00:54:00.000000000,2019-03-01 00:00:00,False
Deep Work,2019-03-01 10:24:00,2019-03-01 11:39:00,0 days 01:15:00.000000000,2019-03-01 00:00:00,False
Deep Work,2019-03-01 13:31:00,2019-03-01 13:40:00,0 days 00:09:00.000000000,2019-03-01 00:00:00,False
Deep Work,2019-03-01 13:45:00,2019-03-01 13:57:00,0 days 00:12:00.000000000,2019-03-01 00:00:00,False
Shallow Work,2019-03-01 14:02:00,2019-03-01 14:39:00,0 days 00:37:00.000000000,2019-03-01 00:00:00,False
Deep Work,2019-03-01 14:53:00,2019-03-01 15:20:00,0 days 00:27:00.000000000,2019-03-01 00:00:00,False
Deep Work,2019-03-01 15:32:00,2019-03-01 15:56:00,0 days 00:24:00.000000000,2019-03-01 00:00:00,False
Gym,2019-03-01 16:12:00,2019-03-01 17:40:00,0 days 01:28:00.000000000,2019-03-01 00:00:00,False
Learning,2019-03-01 18:54:00,2019-03-01 19:35:00,0 days 00:41:00.000000000,2019-03-01 00:00:00,False
Learning,2019-03-02 08:14:00,2019-03-02 09:00:00,0 days 00:46:00.000000000,2019-03-02 00:00:00,False
Deep Work,2019-03-02 10:14:00,2019-03-02 11:45:00,0 days 01:31:00.000000000,2019-03-02 00:00:00,False
Deep Work,2019-03-02 14:06:00,2019-03-02 15:31:00,0 days 01:25:00.000000000,2019-03-02 00:00:00,False
Deep Work,2019-03-02 16:28:00,2019-03-02 17:26:00,0 days 00:58:00.000000000,2019-03-02 00:00:00,False
Learning,2019-03-02 18:49:00,2019-03-02 20:00:00,0 days 01:11:00.000000000,2019-03-02 00:00:00,False
Deep Work,2019-03-03 08:20:00,2019-03-03 09:39:00,0 days 01:19:00.000000000,2019-03-03 00:00:00,False
Shallow Work,2019-03-03 09:52:00,2019-03-03 10:03:00,0 days 00:11:00.000000000,2019-03-03 00:00:00,False
Shallow Work,2019-03-03 10:17:00,2019-03-03 10:27:00,0 days 00:10:00.000000000,2019-03-03 00:00:00,False
Shallow Work,2019-03-03 10:34:00,2019-03-03 10:43:00,0 days 00:09:00.000000000,2019-03-03 00:00:00,False
Learning,2019-03-03 11:05:00,2019-03-03 11:59:00,0 days 00:54:00.000000000,2019-03-03 00:00:00,False
Gym,2019-03-03 16:00:00,2019-03-03 17:42:00,0 days 01:42:00.000000000,2019-03-03 00:00:00,False
Learning,2019-03-03 18:53:00,2019-03-03 19:47:00,0 days 00:54:00.000000000,2019-03-03 00:00:00,False
Deep Work,2019-03-04 08:45:00,2019-03-04 10:04:00,0 days 01:19:00.000000000,2019-03-04 00:00:00,False
Deep Work,2019-03-04 10:30:00,2019-03-04 11:51:00,0 days 01:21:00.000000000,2019-03-04 00:00:00,False
Deep Work,2019-03-04 12:35:00,2019-03-04 14:07:00,0 days 01:32:00.000000000,2019-03-04 00:00:00,False
Deep Work,2019-03-04 14:51:00,2019-03-04 15:45:00,0 days 00:54:00.000000000,2019-03-04 00:00:00,False
Gym,2019-03-04 16:02:00,2019-03-04 17:52:00,0 days 01:50:00.000000000,2019-03-04 00:00:00,False
Learning,2019-03-04 20:05:00,2019-03-04 20:59:00,0 days 00:54:00.000000000,2019-03-04 00:00:00,False
Learning,2019-03-04 21:55:00,2019-03-04 23:12:00,0 days 01:17:00.000000000,2019-03-04 00:00:00,False
Deep Work,2019-03-05 09:02:00,2019-03-05 09:12:00,0 days 00:10:00.000000000,2019-03-05 00:00:00,False
Deep Work,2019-03-05 09:17:00,2019-03-05 10:05:00,0 days 00:48:00.000000000,2019-03-05 00:00:00,False
Deep Work,2019-03-05 10:31:00,2019-03-05 11:36:00,0 days 01:05:00.000000000,2019-03-05 00:00:00,False
Deep Work,2019-03-05 12:55:00,2019-03-05 14:04:00,0 days 01:09:00.000000000,2019-03-05 00:00:00,False
Deep Work,2019-03-05 14:50:00,2019-03-05 16:07:00,0 days 01:17:00.000000000,2019-03-05 00:00:00,False
Deep Work,2019-03-05 16:35:00,2019-03-05 17:35:00,0 days 01:00:00.000000000,2019-03-05 00:00:00,False
Learning,2019-03-05 19:10:00,2019-03-05 19:45:00,0 days 00:35:00.000000000,2019-03-05 00:00:00,False
Deep Work,2019-03-05 20:26:00,2019-03-05 22:13:00,0 days 01:47:00.000000000,2019-03-05 00:00:00,False
Learning,2019-03-05 22:25:00,2019-03-05 23:11:00,0 days 00:46:00.000000000,2019-03-05 00:00:00,False
Deep Work,2019-03-06 09:08:00,2019-03-06 10:07:00,0 days 00:59:00.000000000,2019-03-06 00:00:00,False
Deep Work,2019-03-06 11:43:00,2019-03-06 12:54:00,0 days 01:11:00.000000000,2019-03-06 00:00:00,False
Deep Work,2019-03-06 13:54:00,2019-03-06 14:45:00,0 days 00:51:00.000000000,2019-03-06 00:00:00,False
Shallow Work,2019-03-06 15:32:00,2019-03-06 15:48:00,0 days 00:16:00.000000000,2019-03-06 00:00:00,False
Learning,2019-03-06 16:28:00,2019-03-06 17:15:00,0 days 00:47:00.000000000,2019-03-06 00:00:00,False
Learning,2019-03-06 18:41:00,2019-03-06 19:35:00,0 days 00:54:00.000000000,2019-03-06 00:00:00,False
Learning,2019-03-06 20:44:00,2019-03-06 21:59:00,0 days 01:15:00.000000000,2019-03-06 00:00:00,False
Learning,2019-03-06 22:06:00,2019-03-06 23:00:00,0 days 00:54:00.000000000,2019-03-06 00:00:00,False
Deep Work,2019-03-07 08:53:00,2019-03-07 10:21:00,0 days 01:28:00.000000000,2019-03-07 00:00:00,False
Deep Work,2019-03-07 10:46:00,2019-03-07 11:19:00,0 days 00:33:00.000000000,2019-03-07 00:00:00,False
Deep Work,2019-03-07 11:20:00,2019-03-07 11:58:00,0 days 00:38:00.000000000,2019-03-07 00:00:00,False
Deep Work,2019-03-07 12:00:00,2019-03-07 12:28:00,0 days 00:28:00.000000000,2019-03-07 00:00:00,False
Deep Work,2019-03-07 13:04:00,2019-03-07 14:16:00,0 days 01:12:00.000000000,2019-03-07 00:00:00,False
Deep Work,2019-03-07 14:49:00,2019-03-07 15:12:00,0 days 00:23:00.000000000,2019-03-07 00:00:00,False
Deep Work,2019-03-07 15:17:00,2019-03-07 16:10:00,0 days 00:53:00.000000000,2019-03-07 00:00:00,False
Gym,2019-03-07 16:26:00,2019-03-07 18:04:00,0 days 01:38:00.000000000,2019-03-07 00:00:00,False
Learning,2019-03-07 19:30:00,2019-03-07 20:24:00,0 days 00:54:00.000000000,2019-03-07 00:00:00,False
Learning,2019-03-07 21:20:00,2019-03-07 23:03:00,0 days 01:43:00.000000000,2019-03-07 00:00:00,False
Deep Work,2019-03-08 08:53:00,2019-03-08 10:18:00,0 days 01:25:00.000000000,2019-03-08 00:00:00,False
Deep Work,2019-03-08 10:43:00,2019-03-08 12:01:00,0 days 01:18:00.000000000,2019-03-08 00:00:00,False
Deep Work,2019-03-08 12:38:00,2019-03-08 13:01:00,0 days 00:23:00.000000000,2019-03-08 00:00:00,False
Deep Work,2019-03-08 13:05:00,2019-03-08 13:34:00,0 days 00:29:00.000000000,2019-03-08 00:00:00,False
Deep Work,2019-03-08 13:40:00,2019-03-08 13:53:00,0 days 00:13:00.000000000,2019-03-08 00:00:00,False
Deep Work,2019-03-08 14:36:00,2019-03-08 16:03:00,0 days 01:27:00.000000000,2019-03-08 00:00:00,False
Gym,2019-03-08 16:23:00,2019-03-08 17:59:00,0 days 01:36:00.000000000,2019-03-08 00:00:00,False
Learning,2019-03-08 19:35:00,2019-03-08 20:16:00,0 days 00:41:00.000000000,2019-03-08 00:00:00,False
Learning,2019-03-09 08:41:00,2019-03-09 09:22:00,0 days 00:41:00.000000000,2019-03-09 00:00:00,False
Deep Work,2019-03-09 09:56:00,2019-03-09 10:28:00,0 days 00:32:00.000000000,2019-03-09 00:00:00,False
Deep Work,2019-03-09 10:32:00,2019-03-09 11:45:00,0 days 01:13:00.000000000,2019-03-09 00:00:00,False
Learning,2019-03-09 12:06:00,2019-03-09 12:44:00,0 days 00:38:00.000000000,2019-03-09 00:00:00,False
Deep Work,2019-03-09 14:18:00,2019-03-09 15:00:00,0 days 00:42:00.000000000,2019-03-09 00:00:00,False
Shallow Work,2019-03-09 15:24:00,2019-03-09 15:54:00,0 days 00:30:00.000000000,2019-03-09 00:00:00,False
Learning,2019-03-09 16:04:00,2019-03-09 17:02:00,0 days 00:58:00.000000000,2019-03-09 00:00:00,False
Deep Work,2019-03-10 08:49:00,2019-03-10 09:49:00,0 days 01:00:00.000000000,2019-03-10 00:00:00,False
Learning,2019-03-10 11:18:00,2019-03-10 12:41:00,0 days 01:23:00.000000000,2019-03-10 00:00:00,False
Learning,2019-03-10 13:45:00,2019-03-10 14:25:00,0 days 00:40:00.000000000,2019-03-10 00:00:00,False
Learning,2019-03-10 15:39:00,2019-03-10 17:25:00,0 days 01:46:00.000000000,2019-03-10 00:00:00,False
Deep Work,2019-03-11 09:13:00,2019-03-11 10:32:00,0 days 01:19:00.000000000,2019-03-11 00:00:00,False
Deep Work,2019-03-11 10:56:00,2019-03-11 12:30:00,0 days 01:34:00.000000000,2019-03-11 00:00:00,False
Deep Work,2019-03-11 13:13:00,2019-03-11 13:48:00,0 days 00:35:00.000000000,2019-03-11 00:00:00,False
Deep Work,2019-03-11 14:44:00,2019-03-11 16:18:00,0 days 01:34:00.000000000,2019-03-11 00:00:00,False
Learning,2019-03-11 16:49:00,2019-03-11 17:41:00,0 days 00:52:00.000000000,2019-03-11 00:00:00,False
Learning,2019-03-11 19:32:00,2019-03-11 20:12:00,0 days 00:40:00.000000000,2019-03-11 00:00:00,False
Learning,2019-03-11 21:29:00,2019-03-11 23:25:00,0 days 01:56:00.000000000,2019-03-11 00:00:00,False
Deep Work,2019-03-12 08:52:00,2019-03-12 09:39:00,0 days 00:47:00.000000000,2019-03-12 00:00:00,False
Deep Work,2019-03-12 10:17:00,2019-03-12 12:17:00,0 days 02:00:00.000000000,2019-03-12 00:00:00,False
Deep Work,2019-03-12 12:55:00,2019-03-12 14:02:00,0 days 01:07:00.000000000,2019-03-12 00:00:00,False
Deep Work,2019-03-12 15:15:00,2019-03-12 15:59:00,0 days 00:44:00.000000000,2019-03-12 00:00:00,False
Gym,2019-03-12 16:12:00,2019-03-12 17:45:00,0 days 01:33:00.000000000,2019-03-12 00:00:00,False
Learning,2019-03-12 19:30:00,2019-03-12 20:26:00,0 days 00:56:00.000000000,2019-03-12 00:00:00,False
Shallow Work,2019-03-12 20:59:00,2019-03-12 21:09:00,0 days 00:10:00.000000000,2019-03-12 00:00:00,False
Learning,2019-03-12 21:14:00,2019-03-12 22:16:00,0 days 01:02:00.000000000,2019-03-12 00:00:00,False
Learning,2019-03-12 22:21:00,2019-03-12 23:18:00,0 days 00:57:00.000000000,2019-03-12 00:00:00,False
Deep Work,2019-03-13 08:49:00,2019-03-13 10:30:00,0 days 01:41:00.000000000,2019-03-13 00:00:00,False
Deep Work,2019-03-13 11:04:00,2019-03-13 12:26:00,0 days 01:22:00.000000000,2019-03-13 00:00:00,False
Deep Work,2019-03-13 13:16:00,2019-03-13 15:01:00,0 days 01:45:00.000000000,2019-03-13 00:00:00,False
Deep Work,2019-03-13 15:28:00,2019-03-13 16:28:00,0 days 01:00:00.000000000,2019-03-13 00:00:00,False
Learning,2019-03-13 17:02:00,2019-03-13 17:43:00,0 days 00:41:00.000000000,2019-03-13 00:00:00,False
Learning,2019-03-13 20:27:00,2019-03-13 21:00:00,0 days 00:33:00.000000000,2019-03-13 00:00:00,False
Learning,2019-03-13 21:06:00,2019-03-13 22:04:00,0 days 00:58:00.000000000,2019-03-13 00:00:00,False
Learning,2019-03-13 22:10:00,2019-03-13 22:42:00,0 days 00:32:00.000000000,2019-03-13 00:00:00,False
Learning,2019-03-13 23:05:00,2019-03-13 23:34:00,0 days 00:29:00.000000000,2019-03-13 00:00:00,False
Deep Work,2019-03-14 08:38:00,2019-03-14 09:40:00,0 days 01:02:00.000000000,2019-03-14 00:00:00,False
Deep Work,2019-03-14 10:12:00,2019-03-14 11:28:00,0 days 01:16:00.000000000,2019-03-14 00:00:00,False
Deep Work,2019-03-14 12:34:00,2019-03-14 13:20:00,0 days 00:46:00.000000000,2019-03-14 00:00:00,False
Learning,2019-03-14 13:37:00,2019-03-14 14:28:00,0 days 00:51:00.000000000,2019-03-14 00:00:00,False
Learning,2019-03-14 15:30:00,2019-03-14 16:16:00,0 days 00:46:00.000000000,2019-03-14 00:00:00,False
Learning,2019-03-14 16:20:00,2019-03-14 16:58:00,0 days 00:38:00.000000000,2019-03-14 00:00:00,False
Learning,2019-03-14 17:08:00,2019-03-14 17:40:00,0 days 00:32:00.000000000,2019-03-14 00:00:00,False
Learning,2019-03-14 19:32:00,2019-03-14 20:20:00,0 days 00:48:00.000000000,2019-03-14 00:00:00,False
Deep Work,2019-03-15 09:18:00,2019-03-15 09:46:00,0 days 00:28:00.000000000,2019-03-15 00:00:00,False
Learning,2019-03-15 11:02:00,2019-03-15 11:15:00,0 days 00:13:00.000000000,2019-03-15 00:00:00,False
Learning,2019-03-15 11:22:00,2019-03-15 12:02:00,0 days 00:40:00.000000000,2019-03-15 00:00:00,False
Learning,2019-03-15 12:21:00,2019-03-15 12:55:00,0 days 00:34:00.000000000,2019-03-15 00:00:00,False
Learning,2019-03-15 13:41:00,2019-03-15 15:04:00,0 days 01:23:00.000000000,2019-03-15 00:00:00,False
Learning,2019-03-15 16:39:00,2019-03-15 17:28:00,0 days 00:49:00.000000000,2019-03-15 00:00:00,False
Deep Work,2019-03-16 09:52:00,2019-03-16 10:28:00,0 days 00:36:00.000000000,2019-03-16 00:00:00,False
Learning,2019-03-16 10:39:00,2019-03-16 11:46:00,0 days 01:07:00.000000000,2019-03-16 00:00:00,False
Learning,2019-03-16 12:42:00,2019-03-16 13:08:00,0 days 00:26:00.000000000,2019-03-16 00:00:00,False
Learning,2019-03-16 13:12:00,2019-03-16 14:09:00,0 days 00:57:00.000000000,2019-03-16 00:00:00,False
Learning,2019-03-16 14:38:00,2019-03-16 15:11:00,0 days 00:33:00.000000000,2019-03-16 00:00:00,False
Learning,2019-03-16 15:19:00,2019-03-16 16:26:00,0 days 01:07:00.000000000,2019-03-16 00:00:00,False
Learning,2019-03-16 16:42:00,2019-03-16 17:26:00,0 days 00:44:00.000000000,2019-03-16 00:00:00,False
Learning,2019-03-16 22:31:00,2019-03-16 23:25:00,0 days 00:54:00.000000000,2019-03-16 00:00:00,False
Learning,2019-03-17 09:10:00,2019-03-17 10:30:00,0 days 01:20:00.000000000,2019-03-17 00:00:00,False
Learning,2019-03-17 11:01:00,2019-03-17 12:16:00,0 days 01:15:00.000000000,2019-03-17 00:00:00,False
Learning,2019-03-17 13:05:00,2019-03-17 13:45:00,0 days 00:40:00.000000000,2019-03-17 00:00:00,False
Learning,2019-03-17 14:43:00,2019-03-17 15:13:00,0 days 00:30:00.000000000,2019-03-17 00:00:00,False
Learning,2019-03-17 16:24:00,2019-03-17 17:22:00,0 days 00:58:00.000000000,2019-03-17 00:00:00,False
Learning,2019-03-17 21:18:00,2019-03-17 22:57:00,0 days 01:39:00.000000000,2019-03-17 00:00:00,False
Deep Work,2019-03-18 08:29:00,2019-03-18 10:01:00,0 days 01:32:00.000000000,2019-03-18 00:00:00,False
Deep Work,2019-03-18 11:13:00,2019-03-18 12:37:00,0 days 01:24:00.000000000,2019-03-18 00:00:00,False
Deep Work,2019-03-18 14:04:00,2019-03-18 14:56:00,0 days 00:52:00.000000000,2019-03-18 00:00:00,False
Deep Work,2019-03-18 15:20:00,2019-03-18 16:11:00,0 days 00:51:00.000000000,2019-03-18 00:00:00,False
Gym,2019-03-18 16:22:00,2019-03-18 18:04:00,0 days 01:42:00.000000000,2019-03-18 00:00:00,False
Learning,2019-03-18 19:59:00,2019-03-18 20:54:00,0 days 00:55:00.000000000,2019-03-18 00:00:00,False
Learning,2019-03-18 21:49:00,2019-03-18 22:47:00,0 days 00:58:00.000000000,2019-03-18 00:00:00,False
Shallow Work,2019-03-18 22:58:00,2019-03-18 23:21:00,0 days 00:23:00.000000000,2019-03-18 00:00:00,False
Deep Work,2019-03-19 09:25:00,2019-03-19 10:38:00,0 days 01:13:00.000000000,2019-03-19 00:00:00,False
Deep Work,2019-03-19 11:17:00,2019-03-19 12:59:00,0 days 01:42:00.000000000,2019-03-19 00:00:00,False
Deep Work,2019-03-19 13:42:00,2019-03-19 14:32:00,0 days 00:50:00.000000000,2019-03-19 00:00:00,False
Deep Work,2019-03-19 15:25:00,2019-03-19 16:11:00,0 days 00:46:00.000000000,2019-03-19 00:00:00,False
Deep Work,2019-03-19 16:15:00,2019-03-19 16:28:00,0 days 00:13:00.000000000,2019-03-19 00:00:00,False
Learning,2019-03-19 16:35:00,2019-03-19 17:26:00,0 days 00:51:00.000000000,2019-03-19 00:00:00,False
Shallow Work,2019-03-19 20:23:00,2019-03-19 21:23:00,0 days 01:00:00.000000000,2019-03-19 00:00:00,False
Learning,2019-03-19 21:31:00,2019-03-19 22:27:00,0 days 00:56:00.000000000,2019-03-19 00:00:00,False
Deep Work,2019-03-20 09:08:00,2019-03-20 10:25:00,0 days 01:17:00.000000000,2019-03-20 00:00:00,False
Deep Work,2019-03-20 10:50:00,2019-03-20 12:22:00,0 days 01:32:00.000000000,2019-03-20 00:00:00,False
Deep Work,2019-03-20 13:10:00,2019-03-20 14:59:00,0 days 01:49:00.000000000,2019-03-20 00:00:00,False
Deep Work,2019-03-20 15:09:00,2019-03-20 15:35:00,0 days 00:26:00.000000000,2019-03-20 00:00:00,False
Gym,2019-03-20 16:04:00,2019-03-20 17:35:00,0 days 01:31:00.000000000,2019-03-20 00:00:00,False
Learning,2019-03-20 19:04:00,2019-03-20 20:00:00,0 days 00:56:00.000000000,2019-03-20 00:00:00,False
Learning,2019-03-20 20:43:00,2019-03-20 22:16:00,0 days 01:33:00.000000000,2019-03-20 00:00:00,False
Deep Work,2019-03-21 09:00:00,2019-03-21 10:27:00,0 days 01:27:00.000000000,2019-03-21 00:00:00,False
Deep Work,2019-03-21 10:47:00,2019-03-21 11:52:00,0 days 01:05:00.000000000,2019-03-21 00:00:00,False
Deep Work,2019-03-21 12:56:00,2019-03-21 13:12:00,0 days 00:16:00.000000000,2019-03-21 00:00:00,False
Deep Work,2019-03-21 13:20:00,2019-03-21 13:58:00,0 days 00:38:00.000000000,2019-03-21 00:00:00,False
Deep Work,2019-03-21 14:53:00,2019-03-21 16:52:00,0 days 01:59:00.000000000,2019-03-21 00:00:00,False
Learning,2019-03-21 17:01:00,2019-03-21 17:26:00,0 days 00:25:00.000000000,2019-03-21 00:00:00,False
Learning,2019-03-21 18:40:00,2019-03-21 19:38:00,0 days 00:58:00.000000000,2019-03-21 00:00:00,False
Shallow Work,2019-03-21 20:52:00,2019-03-21 21:47:00,0 days 00:55:00.000000000,2019-03-21 00:00:00,False
Learning,2019-03-21 21:57:00,2019-03-21 22:47:00,0 days 00:50:00.000000000,2019-03-21 00:00:00,False
Deep Work,2019-03-22 08:45:00,2019-03-22 10:37:00,0 days 01:52:00.000000000,2019-03-22 00:00:00,False
Deep Work,2019-03-22 11:50:00,2019-03-22 12:56:00,0 days 01:06:00.000000000,2019-03-22 00:00:00,False
Deep Work,2019-03-22 13:40:00,2019-03-22 15:42:00,0 days 02:02:00.000000000,2019-03-22 00:00:00,False
Gym,2019-03-22 16:10:00,2019-03-22 17:35:00,0 days 01:25:00.000000000,2019-03-22 00:00:00,False
Learning,2019-03-22 18:57:00,2019-03-22 19:25:00,0 days 00:28:00.000000000,2019-03-22 00:00:00,False
Deep Work,2019-03-23 08:29:00,2019-03-23 09:30:00,0 days 01:01:00.000000000,2019-03-23 00:00:00,False
Learning,2019-03-23 09:46:00,2019-03-23 10:50:00,0 days 01:04:00.000000000,2019-03-23 00:00:00,False
Shallow Work,2019-03-23 11:14:00,2019-03-23 12:01:00,0 days 00:47:00.000000000,2019-03-23 00:00:00,False
Shallow Work,2019-03-23 12:59:00,2019-03-23 13:26:00,0 days 00:27:00.000000000,2019-03-23 00:00:00,False
Learning,2019-03-23 14:31:00,2019-03-23 15:13:00,0 days 00:42:00.000000000,2019-03-23 00:00:00,False
Shallow Work,2019-03-23 15:34:00,2019-03-23 15:50:00,0 days 00:16:00.000000000,2019-03-23 00:00:00,False
Gym,2019-03-23 16:05:00,2019-03-23 17:41:00,0 days 01:36:00.000000000,2019-03-23 00:00:00,False
Learning,2019-03-23 18:52:00,2019-03-23 19:34:00,0 days 00:42:00.000000000,2019-03-23 00:00:00,False
Shallow Work,2019-03-24 08:38:00,2019-03-24 09:08:00,0 days 00:30:00.000000000,2019-03-24 00:00:00,False
Shallow Work,2019-03-24 15:16:00,2019-03-24 16:54:00,0 days 01:38:00.000000000,2019-03-24 00:00:00,False
Deep Work,2019-03-25 08:51:00,2019-03-25 10:06:00,0 days 01:15:00.000000000,2019-03-25 00:00:00,False
Deep Work,2019-03-25 10:25:00,2019-03-25 11:45:00,0 days 01:20:00.000000000,2019-03-25 00:00:00,False
Deep Work,2019-03-25 12:32:00,2019-03-25 12:50:00,0 days 00:18:00.000000000,2019-03-25 00:00:00,False
Learning,2019-03-25 13:46:00,2019-03-25 14:27:00,0 days 00:41:00.000000000,2019-03-25 00:00:00,False
Deep Work,2019-03-25 15:50:00,2019-03-25 16:45:00,0 days 00:55:00.000000000,2019-03-25 00:00:00,False
Deep Work,2019-03-25 16:49:00,2019-03-25 17:26:00,0 days 00:37:00.000000000,2019-03-25 00:00:00,False
Learning,2019-03-25 18:55:00,2019-03-25 19:18:00,0 days 00:23:00.000000000,2019-03-25 00:00:00,False
Learning,2019-03-25 20:46:00,2019-03-25 22:39:00,0 days 01:53:00.000000000,2019-03-25 00:00:00,False
Deep Work,2019-03-26 08:57:00,2019-03-26 09:25:00,0 days 00:28:00.000000000,2019-03-26 00:00:00,False
Deep Work,2019-03-26 09:30:00,2019-03-26 10:17:00,0 days 00:47:00.000000000,2019-03-26 00:00:00,False
Deep Work,2019-03-26 11:06:00,2019-03-26 11:35:00,0 days 00:29:00.000000000,2019-03-26 00:00:00,False
Deep Work,2019-03-26 11:42:00,2019-03-26 11:57:00,0 days 00:15:00.000000000,2019-03-26 00:00:00,False
Deep Work,2019-03-26 12:42:00,2019-03-26 14:34:00,0 days 01:52:00.000000000,2019-03-26 00:00:00,False
Deep Work,2019-03-26 14:39:00,2019-03-26 14:54:00,0 days 00:15:00.000000000,2019-03-26 00:00:00,False
Deep Work,2019-03-26 15:18:00,2019-03-26 15:48:00,0 days 00:30:00.000000000,2019-03-26 00:00:00,False
Gym,2019-03-26 16:00:00,2019-03-26 17:38:00,0 days 01:38:00.000000000,2019-03-26 00:00:00,False
Learning,2019-03-26 18:59:00,2019-03-26 19:58:00,0 days 00:59:00.000000000,2019-03-26 00:00:00,False
Learning,2019-03-26 20:33:00,2019-03-26 21:19:00,0 days 00:46:00.000000000,2019-03-26 00:00:00,False
Learning,2019-03-26 21:29:00,2019-03-26 22:09:00,0 days 00:40:00.000000000,2019-03-26 00:00:00,False
Learning,2019-03-26 22:13:00,2019-03-26 22:49:00,0 days 00:36:00.000000000,2019-03-26 00:00:00,False
Deep Work,2019-03-27 08:33:00,2019-03-27 09:45:00,0 days 01:12:00.000000000,2019-03-27 00:00:00,False
Deep Work,2019-03-27 10:08:00,2019-03-27 11:55:00,0 days 01:47:00.000000000,2019-03-27 00:00:00,False
Learning,2019-03-27 14:06:00,2019-03-27 14:43:00,0 days 00:37:00.000000000,2019-03-27 00:00:00,False
Learning,2019-03-27 14:57:00,2019-03-27 15:39:00,0 days 00:42:00.000000000,2019-03-27 00:00:00,False
Shallow Work,2019-03-27 16:03:00,2019-03-27 16:48:00,0 days 00:45:00.000000000,2019-03-27 00:00:00,False
Learning,2019-03-27 16:55:00,2019-03-27 17:30:00,0 days 00:35:00.000000000,2019-03-27 00:00:00,False
Learning,2019-03-27 19:04:00,2019-03-27 19:52:00,0 days 00:48:00.000000000,2019-03-27 00:00:00,False
Learning,2019-03-27 21:18:00,2019-03-27 22:41:00,0 days 01:23:00.000000000,2019-03-27 00:00:00,False
Learning,2019-03-27 22:50:00,2019-03-27 23:04:00,0 days 00:14:00.000000000,2019-03-27 00:00:00,False
Deep Work,2019-03-28 08:48:00,2019-03-28 10:01:00,0 days 01:13:00.000000000,2019-03-28 00:00:00,False
Deep Work,2019-03-28 10:51:00,2019-03-28 11:05:00,0 days 00:14:00.000000000,2019-03-28 00:00:00,False
Deep Work,2019-03-28 11:09:00,2019-03-28 11:53:00,0 days 00:44:00.000000000,2019-03-28 00:00:00,False
Learning,2019-03-28 13:19:00,2019-03-28 14:36:00,0 days 01:17:00.000000000,2019-03-28 00:00:00,False
Learning,2019-03-28 14:47:00,2019-03-28 14:53:00,0 days 00:06:00.000000000,2019-03-28 00:00:00,False
Learning,2019-03-28 15:27:00,2019-03-28 16:03:00,0 days 00:36:00.000000000,2019-03-28 00:00:00,False
Deep Work,2019-03-28 16:17:00,2019-03-28 17:28:00,0 days 01:11:00.000000000,2019-03-28 00:00:00,False
Deep Work,2019-03-29 08:45:00,2019-03-29 09:20:00,0 days 00:35:00.000000000,2019-03-29 00:00:00,False
Deep Work,2019-03-29 09:25:00,2019-03-29 09:54:00,0 days 00:29:00.000000000,2019-03-29 00:00:00,False
Deep Work,2019-03-29 10:45:00,2019-03-29 10:50:00,0 days 00:05:00.000000000,2019-03-29 00:00:00,False
Deep Work,2019-03-29 11:01:00,2019-03-29 11:47:00,0 days 00:46:00.000000000,2019-03-29 00:00:00,False
Learning,2019-03-29 13:37:00,2019-03-29 14:50:00,0 days 01:13:00.000000000,2019-03-29 00:00:00,False
Learning,2019-03-29 14:58:00,2019-03-29 15:45:00,0 days 00:47:00.000000000,2019-03-29 00:00:00,False
Gym,2019-03-29 16:00:00,2019-03-29 17:41:00,0 days 01:41:00.000000000,2019-03-29 00:00:00,False
Learning,2019-03-29 19:15:00,2019-03-29 19:56:00,0 days 00:41:00.000000000,2019-03-29 00:00:00,False
Learning,2019-03-30 08:19:00,2019-03-30 09:05:00,0 days 00:46:00.000000000,2019-03-30 00:00:00,False
Learning,2019-03-30 10:30:00,2019-03-30 12:17:00,0 days 01:47:00.000000000,2019-03-30 00:00:00,False
Learning,2019-03-30 16:29:00,2019-03-30 17:44:00,0 days 01:15:00.000000000,2019-03-30 00:00:00,False
Deep Work,2019-04-01 10:39:00,2019-04-01 11:25:00,0 days 00:46:00.000000000,2019-04-01 00:00:00,False
Deep Work,2019-04-01 11:50:00,2019-04-01 12:55:00,0 days 01:05:00.000000000,2019-04-01 00:00:00,False
Deep Work,2019-04-01 14:46:00,2019-04-01 15:25:00,0 days 00:39:00.000000000,2019-04-01 00:00:00,False
Deep Work,2019-04-01 15:30:00,2019-04-01 15:50:00,0 days 00:20:00.000000000,2019-04-01 00:00:00,False
Deep Work,2019-04-01 16:48:00,2019-04-01 17:11:00,0 days 00:23:00.000000000,2019-04-01 00:00:00,False
Learning,2019-04-01 19:00:00,2019-04-01 19:45:00,0 days 00:45:00.000000000,2019-04-01 00:00:00,False
Learning,2019-04-01 20:30:00,2019-04-01 22:28:00,0 days 01:58:00.000000000,2019-04-01 00:00:00,False
Deep Work,2019-04-02 09:59:00,2019-04-02 11:13:00,0 days 01:14:00.000000000,2019-04-02 00:00:00,False
Learning,2019-04-02 21:57:00,2019-04-02 22:24:00,0 days 00:27:00.000000000,2019-04-02 00:00:00,False
Learning,2019-04-02 22:38:00,2019-04-02 23:13:00,0 days 00:35:00.000000000,2019-04-02 00:00:00,False
Deep Work,2019-04-03 09:12:00,2019-04-03 10:29:00,0 days 01:17:00.000000000,2019-04-03 00:00:00,False
Deep Work,2019-04-03 10:52:00,2019-04-03 11:41:00,0 days 00:49:00.000000000,2019-04-03 00:00:00,False
Deep Work,2019-04-03 12:44:00,2019-04-03 13:31:00,0 days 00:47:00.000000000,2019-04-03 00:00:00,False
Deep Work,2019-04-03 13:36:00,2019-04-03 14:10:00,0 days 00:34:00.000000000,2019-04-03 00:00:00,False
Deep Work,2019-04-03 14:48:00,2019-04-03 15:42:00,0 days 00:54:00.000000000,2019-04-03 00:00:00,False
Gym,2019-04-03 15:56:00,2019-04-03 17:37:00,0 days 01:41:00.000000000,2019-04-03 00:00:00,False
Learning,2019-04-03 18:53:00,2019-04-03 19:59:00,0 days 01:06:00.000000000,2019-04-03 00:00:00,False
Learning,2019-04-03 20:47:00,2019-04-03 22:06:00,0 days 01:19:00.000000000,2019-04-03 00:00:00,False
Learning,2019-04-03 22:14:00,2019-04-03 22:31:00,0 days 00:17:00.000000000,2019-04-03 00:00:00,False
Deep Work,2019-04-04 08:51:00,2019-04-04 10:17:00,0 days 01:26:00.000000000,2019-04-04 00:00:00,False
Deep Work,2019-04-04 10:36:00,2019-04-04 11:20:00,0 days 00:44:00.000000000,2019-04-04 00:00:00,False
Deep Work,2019-04-04 11:34:00,2019-04-04 11:46:00,0 days 00:12:00.000000000,2019-04-04 00:00:00,False
Deep Work,2019-04-04 12:25:00,2019-04-04 12:36:00,0 days 00:11:00.000000000,2019-04-04 00:00:00,False
Deep Work,2019-04-04 12:41:00,2019-04-04 14:25:00,0 days 01:44:00.000000000,2019-04-04 00:00:00,False
Deep Work,2019-04-04 14:58:00,2019-04-04 15:50:00,0 days 00:52:00.000000000,2019-04-04 00:00:00,False
Gym,2019-04-04 16:00:00,2019-04-04 17:41:00,0 days 01:41:00.000000000,2019-04-04 00:00:00,False
Learning,2019-04-04 19:20:00,2019-04-04 20:18:00,0 days 00:58:00.000000000,2019-04-04 00:00:00,False
Learning,2019-04-04 21:02:00,2019-04-04 21:32:00,0 days 00:30:00.000000000,2019-04-04 00:00:00,False
Learning,2019-04-04 21:36:00,2019-04-04 22:16:00,0 days 00:40:00.000000000,2019-04-04 00:00:00,False
Learning,2019-04-04 22:36:00,2019-04-04 23:15:00,0 days 00:39:00.000000000,2019-04-04 00:00:00,False
Deep Work,2019-04-05 09:21:00,2019-04-05 10:47:00,0 days 01:26:00.000000000,2019-04-05 00:00:00,False
Deep Work,2019-04-05 11:10:00,2019-04-05 12:15:00,0 days 01:05:00.000000000,2019-04-05 00:00:00,False
Deep Work,2019-04-05 12:58:00,2019-04-05 13:39:00,0 days 00:41:00.000000000,2019-04-05 00:00:00,False
Deep Work,2019-04-05 13:47:00,2019-04-05 13:55:00,0 days 00:08:00.000000000,2019-04-05 00:00:00,False
Shallow Work,2019-04-05 14:00:00,2019-04-05 15:25:00,0 days 01:25:00.000000000,2019-04-05 00:00:00,False
Deep Work,2019-04-05 16:25:00,2019-04-05 17:09:00,0 days 00:44:00.000000000,2019-04-05 00:00:00,False
Learning,2019-04-05 17:40:00,2019-04-05 18:03:00,0 days 00:23:00.000000000,2019-04-05 00:00:00,False
Learning,2019-04-05 18:11:00,2019-04-05 18:27:00,0 days 00:16:00.000000000,2019-04-05 00:00:00,False
Learning,2019-04-05 19:29:00,2019-04-05 20:34:00,0 days 01:05:00.000000000,2019-04-05 00:00:00,False
Learning,2019-04-05 21:45:00,2019-04-05 22:16:00,0 days 00:31:00.000000000,2019-04-05 00:00:00,False
Learning,2019-04-05 22:24:00,2019-04-05 23:13:00,0 days 00:49:00.000000000,2019-04-05 00:00:00,False
Deep Work,2019-04-06 09:01:00,2019-04-06 09:39:00,0 days 00:38:00.000000000,2019-04-06 00:00:00,False
Deep Work,2019-04-06 09:41:00,2019-04-06 10:21:00,0 days 00:40:00.000000000,2019-04-06 00:00:00,False
Deep Work,2019-04-06 14:05:00,2019-04-06 15:27:00,0 days 01:22:00.000000000,2019-04-06 00:00:00,False
Deep Work,2019-04-06 15:57:00,2019-04-06 17:02:00,0 days 01:05:00.000000000,2019-04-06 00:00:00,False
Learning,2019-04-06 19:49:00,2019-04-06 20:36:00,0 days 00:47:00.000000000,2019-04-06 00:00:00,False
Learning,2019-04-06 21:10:00,2019-04-06 21:30:00,0 days 00:20:00.000000000,2019-04-06 00:00:00,False
Learning,2019-04-06 21:41:00,2019-04-06 22:46:00,0 days 01:05:00.000000000,2019-04-06 00:00:00,False
Deep Work,2019-04-07 09:34:00,2019-04-07 11:15:00,0 days 01:41:00.000000000,2019-04-07 00:00:00,False
Deep Work,2019-04-07 12:01:00,2019-04-07 12:32:00,0 days 00:31:00.000000000,2019-04-07 00:00:00,False
Deep Work,2019-04-07 14:31:00,2019-04-07 15:36:00,0 days 01:05:00.000000000,2019-04-07 00:00:00,False
Gym,2019-04-07 15:51:00,2019-04-07 17:41:00,0 days 01:50:00.000000000,2019-04-07 00:00:00,False
Learning,2019-04-07 19:03:00,2019-04-07 20:18:00,0 days 01:15:00.000000000,2019-04-07 00:00:00,False
